Year,Date,PlotNumber,Height_max,Volume,Area,GLI_mean,Vegetative_Biomass,DAP
2023,20230614,1,0.220756531,0.10301699,0.629595182,165.9310521,98.16230997,23
2023,20230614,2,0.234306335,0.119158055,0.630316895,165.1018956,109.5435502,23
2023,20230614,3,0.185913086,0.125006185,0.490329765,109.4801022,101.2735173,23
2023,20230614,4,0.207542419,0.056186189,0.606992834,147.61253,66.32859318,23
2023,20230614,5,0.197982788,0.040679689,0.556794203,143.2735258,52.99114729,23
2023,20230614,6,0.186134338,0.085743892,0.411687492,132.6334375,72.31736081,23
2023,20230614,7,0.18888855,0.035433318,0.504950222,134.892747,46.0520083,23
2023,20230614,9,0.210891724,0.113322236,0.54718798,178.7969195,99.25432452,23
2023,20230614,10,0.173431396,0.034898463,0.441961233,148.8897951,40.90032873,23
2023,20230614,11,0.24622345,0.094336959,0.567908358,136.4031052,91.58544929,23
2023,20230614,12,0.192184448,0.055899603,0.280681803,121.4177872,46.92899706,23
2023,20230614,13,0.214889526,0.074266569,0.517515763,144.5470094,73.44256024,23
2023,20230614,14,0.240074158,0.106027833,0.699732372,175.4489431,105.6027299,23
2023,20230614,15,0.189064026,0.048882374,0.561251855,129.6948708,57.60016684,23
2023,20230614,16,0.241828918,0.068717254,0.769784198,132.4490052,86.14732998,23
2023,20230614,17,0.256416321,0.100834004,0.568174297,191.2334614,96.58462619,23
2023,20230614,18,0.16998291,0.070045711,0.500066042,167.7345336,65.86099915,23
2023,20230614,19,0.280433655,0.122931971,0.643407168,148.8978905,116.7136862,23
2023,20230614,20,0.23475647,0.123960455,0.450341016,147.485156,102.7502592,23
2023,20230614,21,0.217590332,0.070184197,0.395607931,132.7956451,64.44381389,23
2023,20230614,22,0.259262085,0.102576998,0.54558327,158.4424902,96.69522244,23
2023,20230614,23,0.221237183,0.050408607,0.461636971,122.9473549,55.95417319,23
2023,20230614,24,0.213951111,0.084187147,0.565328567,104.1676446,82.21031538,23
2023,20230614,25,0.246612549,0.109486997,0.653056945,169.2271432,105.8002751,23
2023,20230614,26,0.224983215,0.121258224,0.816964051,207.3366755,120.2541164,23
2023,20230614,27,0.250778198,0.137040403,0.798524382,190.6957591,131.4447494,23
2023,20230614,28,0.237426758,0.100182636,0.451441059,132.1929897,88.10547392,23
2023,20230614,29,0.238365173,0.073280996,0.503255308,143.8351157,74.12029531,23
2023,20230614,30,0.222366333,0.092825555,0.626926087,171.0245924,91.75467413,23
2023,20230614,32,0.170509338,0.090515429,0.5361279,102.8916317,80.74399718,23
2023,20230614,33,0.27935791,0.166058598,0.890356573,224.9425965,157.234602,23
2023,20230614,34,0.257217407,0.109861361,0.668086898,182.2348009,107.7966871,23
2023,20230614,35,0.237251282,0.107364897,0.678005052,177.412885,105.0038555,23
2023,20230614,37,0.230819702,0.085450418,0.616794421,156.4204966,87.31391346,23
2023,20230614,38,0.182197571,0.067178729,0.555227334,143.390374,68.15965996,23
2023,20230614,39,0.212089539,0.070939337,0.692083308,138.9028953,80.65882507,23
2023,20230614,40,0.252662659,0.129135113,0.957918157,130.5237801,135.368338,23
2023,20230614,41,0.247039795,0.14676099,0.81695734,200.9308116,138.2309593,23
2023,20230614,42,0.254592896,0.114529243,0.683260629,183.9208362,111.3281068,23
2023,20230614,43,0.199996948,0.09673323,0.492975946,142.3717944,84.89883301,23
2023,20230614,44,0.211021423,0.079860047,0.446017249,145.7454752,72.70161279,23
2023,20230614,45,0.220672607,0.081237345,0.630663583,147.2583658,84.52764379,23
2023,20230614,47,0.186416626,0.042553715,0.574323144,124.2639969,54.10456815,23
2023,20230614,48,0.203117371,0.085427645,0.871931286,135.9135886,98.81266173,23
2023,20230614,49,0.240707397,0.103892519,0.687812718,196.349327,103.6645879,23
2023,20230614,50,0.190490723,0.06696441,0.469127225,145.2664863,64.04631142,23
2023,20230614,51,0.233604431,0.139954102,0.500285122,132.7698995,115.4319096,23
2023,20230614,52,0.22127533,0.076903098,0.409473622,129.7635875,69.75082805,23
2023,20230614,53,0.159126282,0.063227993,0.428341952,129.5747926,56.69037961,23
2023,20230614,54,0.181388855,0.076187068,0.525562642,144.9713412,72.12500568,23
2023,20230614,56,0.210647583,0.047897417,0.672341766,116.3144713,64.97178221,23
2023,20230614,58,0.180953979,0.043738134,0.401225997,143.406656,44.89106466,23
2023,20230614,59,0.191596985,0.080609568,0.292765208,107.2831956,63.06542931,23
2023,20230614,60,0.179611206,0.088293333,0.410449998,140.6053684,73.27433311,23
2023,20230614,61,0.211524963,0.052657001,0.387197145,128.4253682,52.43307944,23
2023,20230614,62,0.187515259,0.061705037,0.404036241,127.2174332,56.91544563,23
2023,20230614,63,0.176467896,0.043278153,0.47734965,128.4910657,48.37157191,23
2023,20230614,64,0.240264893,0.109683905,0.9530323,107.2141779,121.7811306,23
2023,20230614,65,0.237174988,0.115958005,0.704871763,166.3622089,111.8672969,23
2023,20230614,66,0.199386597,0.091979195,0.59087901,151.6248496,87.2161532,23
2023,20230614,67,0.24747467,0.12492684,0.464745094,138.6874477,105.2714528,23
2023,20230614,68,0.235221863,0.120463635,0.519676468,156.0265746,104.3891574,23
2023,20230614,69,0.219726563,0.10093538,0.574068549,138.7630966,93.72393222,23
2023,20230614,70,0.228668213,0.087018865,0.649671705,149.1853444,89.90858564,23
2023,20230614,71,0.184379578,0.042175306,0.606936484,121.8526894,55.47157191,23
2023,20230614,72,0.229156494,0.082884921,0.876460435,106.325127,99.76722469,23
2023,20230614,73,0.220283508,0.10784932,0.656525114,149.3722063,102.6309343,23
2023,20230614,75,0.279960632,0.153546246,0.62364969,139.4256058,134.8275662,23
2023,20230614,76,0.172950745,0.068757484,0.299549345,125.9024859,54.33906005,23
2023,20230614,77,0.209487915,0.074945463,0.391955733,116.0739637,66.5187028,23
2023,20230614,78,0.168418884,0.0445488,0.389855529,110.7586387,43.66876659,23
2023,20230614,79,0.209030151,0.07471589,0.748926756,145.8515807,85.87242755,23
2023,20230614,80,0.189102173,0.112302379,0.679471682,104.3319136,103.9255499,23
2023,20230614,81,0.189964294,0.060793347,0.469322469,123.3910786,60.1326868,23
2023,20230614,82,0.22694397,0.056114351,0.457376316,137.3990379,59.81134503,23
2023,20230614,83,0.186279297,0.090053697,0.248239862,118.2247068,66.09218824,23
2023,20230614,84,0.208091736,0.086185834,0.463810359,148.5543312,77.39117495,23
2023,20230614,85,0.191551208,0.07823436,0.621880157,140.7368965,79.5826802,23
2023,20230614,86,0.214042664,0.082036157,0.419930812,130.9374118,72.90857835,23
2023,20230614,87,0.200691223,0.038656724,0.469953655,120.639094,47.20652642,23
2023,20230614,88,0.19190979,0.109125566,0.579578557,131.1763126,96.71023957,23
2023,20230614,89,0.179321289,0.070005047,0.422436323,129.4696126,62.41289154,23
2023,20230614,90,0.222938538,0.069453169,0.433505867,153.1157525,66.53207819,23
2023,20230614,91,0.259963989,0.166725469,0.758153408,156.2831153,148.7012759,23
2023,20230614,92,0.191253662,0.099598175,0.371259739,133.6646305,79.26328145,23
2023,20230614,93,0.221496582,0.090340427,0.677571297,146.2770507,92.88813813,23
2023,20230614,95,0.158958435,0.034328482,0.433672339,114.8082341,38.80763861,23
2023,20230614,96,0.195289612,0.090694389,0.380584381,120.1693348,74.5359467,23
2023,20230614,97,0.202857971,0.090091609,0.58089952,152.752571,85.79104228,23
2023,20230614,98,0.218948364,0.092287237,0.57696208,157.8941687,88.37918706,23
2023,20230614,99,0.270721436,0.1650505,0.631865169,143.5215877,141.6885221,23
2023,20230614,100,0.234863281,0.090330619,0.404073461,132.1539203,79.09525407,23
2023,20230614,101,0.254310608,0.088729772,0.574063352,143.828066,89.11464531,23
2023,20230614,102,0.129379272,0.04941161,0.294312748,118.0619321,38.03999745,23
2023,20230614,104,0.225212097,0.118018535,0.43705957,117.3670087,97.44490647,23
2023,20230614,105,0.25528717,0.095099759,0.570236106,152.8674541,92.99431014,23
2023,20230614,106,0.235458374,0.073060397,0.469862053,147.4451968,71.89667752,23
2023,20230614,107,0.237571716,0.137355171,0.391381979,136.8248724,108.1891984,23
2023,20230614,109,0.224983215,0.065911958,0.506058287,127.0726038,68.45892552,23
2023,20230614,110,0.161277771,0.050683186,0.222652637,109.3427334,37.73975731,23
2023,20230614,111,0.208686829,0.083776796,0.701371015,158.2613228,88.9327411,23
2023,20230614,112,0.208839417,0.116436777,0.430439485,114.5824487,94.63966138,23
2023,20230614,113,0.25856781,0.116379057,0.644202482,158.222809,110.7044412,23
2023,20230614,114,0.236755371,0.093481931,0.582126723,146.9267087,90.9884864,23
2023,20230614,115,0.199699402,0.092542038,0.349552303,126.7883703,74.38870671,23
2023,20230614,116,0.225616455,0.146462716,0.460823002,157.3631055,116.6548864,23
2023,20230614,117,0.235473633,0.103138734,0.493731424,141.1331322,92.10487872,23
2023,20230614,118,0.220123291,0.095038387,0.497742337,148.6358165,85.87588979,23
2023,20230614,119,0.258605957,0.092235178,0.648044748,153.7941084,95.74678507,23
2023,20230614,120,0.241416931,0.130165638,0.601178973,122.2308927,115.4948494,23
2023,20230614,122,0.254234314,0.10129068,0.726945879,169.5030032,105.3687051,23
2023,20230614,123,0.220695496,0.10405187,0.54556173,143.9489407,94.20770116,23
2023,20230614,124,0.203338623,0.127273127,0.519658501,148.9513776,105.8454277,23
2023,20230614,126,0.222084045,0.09622947,0.478709622,149.18769,85.7561191,23
2023,20230614,127,0.250099182,0.086736406,0.602121296,150.497105,89.02508928,23
2023,20230614,128,0.221542358,0.107078513,0.477774954,121.0838086,92.47425583,23
2023,20230614,129,0.152931213,0.052908769,0.556133737,130.0334743,56.65238134,23
2023,20230614,130,0.228034973,0.112354851,0.798428727,189.2939082,113.9150504,23
2023,20230614,131,0.201156616,0.055975927,0.519567951,123.3066775,60.84620853,23
2023,20230614,132,0.256484985,0.200180535,0.584776267,144.8652215,159.9259658,23
2023,20230614,133,0.263961792,0.175749207,0.615818005,152.1277654,146.9347389,23
2023,20230614,134,0.252128601,0.082143581,0.410463281,141.1471983,75.82845676,23
2023,20230614,135,0.221504211,0.07875287,0.685859869,153.0097962,86.06118572,23
2023,20230614,136,0.201454163,0.047487049,0.3899096,120.2465385,48.44163343,23
2023,20230628,1,0.521759033,0.552437263,2.075084572,293.1092948,486.3214335,37
2023,20230628,2,0.436439514,0.520990834,1.840965357,298.7491277,446.1963675,37
2023,20230628,3,0.255691528,0.235725808,0.907626282,251.5012353,199.8623068,37
2023,20230628,4,0.447174072,0.41024066,1.741111164,302.0116583,372.0886382,37
2023,20230628,5,0.431663513,0.478680052,1.851212601,298.0775858,419.7476627,37
2023,20230628,6,0.343612671,0.295105699,1.276549515,271.4209018,265.1485959,37
2023,20230628,7,0.314949036,0.232218307,1.41176284,284.808892,230.4960002,37
2023,20230628,9,0.511138916,0.664931869,2.081261005,316.3714631,556.4080734,37
2023,20230628,10,0.361152649,0.144486544,1.03570534,247.4268227,158.8736308,37
2023,20230628,11,0.419799805,0.350168172,1.404176595,289.2580715,313.4763591,37
2023,20230628,12,0.372314453,0.263060747,1.22006619,257.1621181,244.4609669,37
2023,20230628,13,0.482543945,0.573463036,1.941134582,301.4202399,488.731302,37
2023,20230628,14,0.499969482,0.741914919,2.288166201,307.525755,615.1183467,37
2023,20230628,15,0.368103027,0.386953923,1.739934252,292.9829075,350.3937692,37
2023,20230628,16,0.425804138,0.452177716,1.796979105,306.1125288,399.6073672,37
2023,20230628,17,0.506729126,0.564193886,1.799685723,299.7462786,477.3051182,37
2023,20230628,18,0.388137817,0.289936184,1.347766785,311.7851415,269.7386699,37
2023,20230628,19,0.496330261,0.579565221,1.843900647,302.62612,488.4638073,37
2023,20230628,20,0.530014038,0.621384824,1.802877758,290.3821538,515.477705,37
2023,20230628,21,0.429100037,0.414829071,1.498171346,281.2628878,360.0752335,37
2023,20230628,22,0.470176697,0.601679773,1.947177441,302.6505996,505.6981663,37
2023,20230628,23,0.414878845,0.472052838,1.715531558,270.7766815,406.6714967,37
2023,20230628,24,0.420379639,0.282097865,1.069801446,259.3781105,252.4524771,37
2023,20230628,25,0.51020813,0.609193032,2.088966616,304.9889109,521.7227404,37
2023,20230628,26,0.59336853,0.835826313,2.37754439,327.0918574,687.2874008,37
2023,20230628,27,0.556770325,0.79349416,2.21423131,342.1777654,648.509358,37
2023,20230628,28,0.471435547,0.560842989,1.802873482,302.2307225,472.2505361,37
2023,20230628,29,0.433021545,0.444252073,1.614412925,272.8918326,385.2732516,37
2023,20230628,30,0.55280304,0.759380573,2.205720571,304.2553866,626.2564093,37
2023,20230628,32,0.31552887,0.25042501,1.076707894,288.8242884,223.6489591,37
2023,20230628,33,0.649360657,0.981617115,2.378270641,343.0865263,783.893251,37
2023,20230628,34,0.495742798,0.582560567,1.963941935,336.5360203,496.8643625,37
2023,20230628,35,0.600616455,0.774671499,2.207351839,321.9437091,640.1855303,37
2023,20230628,37,0.484146118,0.5668024,1.908384637,302.9683108,482.8951972,37
2023,20230628,38,0.400894165,0.417281377,1.759838388,300.3398256,373.4421124,37
2023,20230628,39,0.459289551,0.45013641,1.89664388,261.6410336,406.743162,37
2023,20230628,40,0.50453186,0.489601403,1.661032549,326.0459081,422.6497826,37
2023,20230628,41,0.57485199,0.930656252,2.579915227,315.8734276,756.313761,37
2023,20230628,42,0.582824707,0.75417013,2.322932709,326.9107002,632.0547082,37
2023,20230628,43,0.364746094,0.345851117,1.418545166,305.9101962,306.6778873,37
2023,20230628,44,0.440856934,0.538077263,1.855925434,313.6777915,458.1427639,37
2023,20230628,45,0.514465332,0.673797657,2.154985208,296.1733504,566.3086996,37
2023,20230628,47,0.3853302,0.338570919,1.582667028,269.9889962,312.9079565,37
2023,20230628,48,0.343650818,0.336413346,1.599072579,301.2289031,308.7615517,37
2023,20230628,49,0.623329163,0.807800555,2.262886733,328.9619732,666.052607,37
2023,20230628,50,0.311470032,0.270030127,1.500969724,288.3239318,258.8306566,37
2023,20230628,51,0.467773438,0.538447203,1.56779016,291.8722148,444.9864818,37
2023,20230628,52,0.448722839,0.529689055,1.890850155,318.3624302,455.4795494,37
2023,20230628,53,0.351356506,0.331561351,1.463782816,288.05806,298.9896755,37
2023,20230628,54,0.422859192,0.476904668,1.917868395,293.3630514,421.5012324,37
2023,20230628,56,0.425575256,0.33018383,1.506968689,281.6093056,307.0561171,37
2023,20230628,58,0.382400513,0.198671962,1.039304428,262.7779454,194.9996359,37
2023,20230628,59,0.411254883,0.236690566,0.834108712,214.5587266,210.2118394,37
2023,20230628,60,0.343849182,0.405931639,1.65265457,314.0918142,355.3952117,37
2023,20230628,61,0.389320374,0.371369745,1.644998134,283.6671552,337.2825823,37
2023,20230628,62,0.380226135,0.361185014,1.525598664,277.882063,323.5427265,37
2023,20230628,63,0.378898621,0.299852688,1.362500742,263.3491969,275.9587115,37
2023,20230628,64,0.380088806,0.378307991,1.512984295,281.808246,333.5997343,37
2023,20230628,65,0.5,0.602649882,1.910366641,341.1778203,506.932286,37
2023,20230628,66,0.392593384,0.439999753,1.819537021,305.6221322,390.2506414,37
2023,20230628,67,0.434364319,0.462720896,1.547640456,287.9202597,393.3426433,37
2023,20230628,68,0.508163452,0.67359489,2.028011751,303.5805256,558.6737954,37
2023,20230628,69,0.445983887,0.497452729,1.613959505,292.509746,419.8253878,37
2023,20230628,70,0.492980957,0.624225214,2.209558656,307.6386742,536.2444498,37
2023,20230628,71,0.352272034,0.330567534,1.614065984,279.248287,306.6718287,37
2023,20230628,72,0.356903076,0.31232871,1.320974136,294.2598241,279.578784,37
2023,20230628,73,0.5522995,0.684839227,2.092401898,311.8146951,573.1697615,37
2023,20230628,75,0.510322571,0.658890995,1.906590113,293.7311981,542.979455,37
2023,20230628,76,0.386695862,0.322137278,1.304577001,279.5408633,287.4813662,37
2023,20230628,77,0.388053894,0.360243848,1.428367666,268.3993839,318.3222215,37
2023,20230628,78,0.404754639,0.282679232,1.40859673,257.0333449,269.9786532,37
2023,20230628,79,0.428833008,0.491236055,1.8684125,276.8369772,428.3284262,37
2023,20230628,80,0.332275391,0.331681668,1.411248577,282.2296647,294.5012016,37
2023,20230628,81,0.41759491,0.295609127,1.345026789,283.1310997,275.7603444,37
2023,20230628,82,0.440353394,0.264001107,1.311248061,297.3213932,256.0640105,37
2023,20230628,83,0.394226074,0.288440915,0.936188227,266.9060688,246.8105016,37
2023,20230628,84,0.436676025,0.500183272,1.840585843,307.0873468,433.1216388,37
2023,20230628,85,0.34677887,0.371501389,1.877301035,293.705913,346.3153108,37
2023,20230628,86,0.446075439,0.488883584,1.716367287,292.9992535,420.0540796,37
2023,20230628,87,0.370750427,0.189243756,1.032259191,218.5427909,187.6585786,37
2023,20230628,88,0.38079071,0.406667634,1.583774619,295.4403875,355.3569009,37
2023,20230628,89,0.302101135,0.25986563,1.363900574,292.2704574,244.112074,37
2023,20230628,90,0.28855896,0.053310263,0.575821612,168.2197043,69.98520798,37
2023,20230628,91,0.514816284,0.706041227,2.137066119,315.8823576,585.6199264,37
2023,20230628,92,0.442230225,0.451384921,1.548416592,276.2286209,386.9580422,37
2023,20230628,93,0.513069153,0.628419845,1.928010989,285.473085,525.2477634,37
2023,20230628,95,0.285461426,0.230361296,1.392680307,273.813355,225.6750126,37
2023,20230628,96,0.362991333,0.286384001,0.967046897,279.5466099,244.4427686,37
2023,20230628,97,0.539787292,0.404859652,1.518073962,271.9099551,364.6958111,37
2023,20230628,98,0.363571167,0.252788561,1.371732094,265.3816477,245.5337397,37
2023,20230628,99,0.475547791,0.580398549,1.795212567,299.4404207,484.4833172,37
2023,20230628,100,0.392593384,0.458510986,1.732932797,299.2299393,397.1423744,37
2023,20230628,101,0.487495422,0.590663557,1.87620828,313.6058085,496.4241439,37
2023,20230628,102,0.272628784,0.262770492,1.240390894,285.0932692,236.5689363,37
2023,20230628,104,0.357269287,0.369052309,1.288430321,283.6280308,313.4734522,37
2023,20230628,105,0.520149231,0.584953999,1.903796559,310.5953595,497.2362725,37
2023,20230628,106,0.387054443,0.228844986,1.130958106,268.3095316,219.3879684,37
2023,20230628,107,0.543533325,0.642073551,1.892343573,289.0048109,534.5711975,37
2023,20230628,109,0.387329102,0.34304922,1.453610594,257.8442143,308.8351062,37
2023,20230628,110,0.372741699,0.275454385,0.984859235,243.6414852,239.4127467,37
2023,20230628,111,0.507133484,0.681734759,2.092665319,297.5134502,567.236265,37
2023,20230628,112,0.408424377,0.385875877,1.283718102,307.3308249,328.3141726,37
2023,20230628,113,0.60332489,0.733839983,2.252593346,301.4453193,617.244101,37
2023,20230628,114,0.383369446,0.437543133,1.766787055,323.4104507,385.003437,37
2023,20230628,115,0.410240173,0.404595969,1.598114769,289.6133681,357.4462728,37
2023,20230628,116,0.466545105,0.609830047,1.871430171,289.504081,506.3522168,37
2023,20230628,117,0.477890015,0.459384585,1.461417988,286.9630031,390.3788757,37
2023,20230628,118,0.47832489,0.696708659,2.125405096,294.0982724,575.8878897,37
2023,20230628,119,0.497161865,0.653783944,2.063778844,304.5502402,547.2092027,37
2023,20230628,120,0.414260864,0.536185283,1.822145827,293.5106727,452.7512702,37
2023,20230628,122,0.571754456,0.726062251,2.262210146,334.7230329,610.0892032,37
2023,20230628,123,0.43862915,0.531577116,1.853169376,326.6903811,453.7102468,37
2023,20230628,124,0.395118713,0.579165284,1.971429099,313.225988,486.2355192,37
2023,20230628,126,0.496414185,0.695519912,2.029124947,305.871447,571.4719928,37
2023,20230628,127,0.490592957,0.654987772,2.07811055,314.2723025,548.1687449,37
2023,20230628,128,0.372276306,0.395368868,1.412976838,317.1114187,338.1550906,37
2023,20230628,129,0.34161377,0.156431841,1.326520835,217.6743347,180.5680749,37
2023,20230628,130,0.581962585,0.478860988,1.897710209,306.6428362,435.7077038,37
2023,20230628,131,0.35823822,0.252830576,1.359604447,261.3093473,244.4243834,37
2023,20230628,132,0.464920044,0.700217147,1.880164319,309.3670095,563.4831701,37
2023,20230628,133,0.516876221,0.695806908,1.897447731,281.6340971,566.2559698,37
2023,20230628,134,0.453041077,0.467040223,1.601415937,305.002674,400.6530177,37
2023,20230628,135,0.426811218,0.439093721,1.801485549,283.7157243,391.7215343,37
2023,20230628,136,0.387687683,0.28230027,1.358547715,265.5780695,265.4907243,37
2023,20230712,1,0.762237549,1.17174152,4.29174742,224.5560356,1018.084056,51
2023,20230712,2,0.674110413,1.460326794,4.410865567,239.249383,1198.143583,51
2023,20230712,3,0.401634216,0.47304491,2.531474459,244.1313847,450.7826625,51
2023,20230712,4,0.658454895,0.923561532,4.046213448,235.6503533,839.5109627,51
2023,20230712,5,0.765533447,1.246889479,4.180930051,227.9552547,1059.531115,51
2023,20230712,6,0.494934082,0.616357666,2.482484812,225.8762214,546.4119257,51
2023,20230712,7,0.453552246,0.561751532,2.678419586,220.7199494,519.1610248,51
2023,20230712,9,0.674263,1.33660053,5.031385048,252.0681241,1154.374565,51
2023,20230712,10,0.424331665,0.268355165,2.182784019,192.5100841,305.0848197,51
2023,20230712,11,0.622634888,0.748823139,3.306026696,236.759993,686.0267578,51
2023,20230712,12,0.619636536,0.80437286,3.972008718,217.904829,757.1192279,51
2023,20230712,13,0.741340637,1.329872019,4.671868852,236.0786325,1136.40507,51
2023,20230712,14,0.659805298,1.458795914,5.025731703,293.4321357,1229.569786,51
2023,20230712,15,0.569213867,0.800993804,3.299328448,218.9864626,713.7150001,51
2023,20230712,16,0.671463013,1.228949837,4.656651815,234.5216671,1065.971405,51
2023,20230712,17,0.731956482,1.496299261,5.362570805,254.6479004,1277.957745,51
2023,20230712,18,0.434806824,0.476471458,2.463021515,232.0969202,452.1248453,51
2023,20230712,19,0.691413879,1.404735885,4.779468869,267.8397136,1184.918336,51
2023,20230712,20,0.703918457,1.36022698,5.342582241,232.1317161,1188.878349,51
2023,20230712,21,0.708824158,1.286904096,4.207469236,257.6256754,1081.109051,51
2023,20230712,22,0.747085571,1.600686792,4.781054376,274.9402917,1313.06206,51
2023,20230712,23,0.707054138,1.370117639,4.661959789,246.5314035,1158.117597,51
2023,20230712,24,0.690704346,0.816537834,3.84730606,208.7077315,764.2273069,51
2023,20230712,25,0.701187134,1.318839817,4.207692786,210.3368447,1100.512927,51
2023,20230712,26,0.619430542,0.987143948,4.251051049,262.5859066,887.2223495,51
2023,20230712,27,0.659584045,1.323618669,4.63904946,309.7838564,1123.443911,51
2023,20230712,28,0.720741272,1.57075296,4.868669383,241.0953653,1296.716563,51
2023,20230712,29,0.618553162,0.673884336,2.946513889,233.4933495,618.8984743,51
2023,20230712,30,0.710250854,1.047650038,4.330065234,259.5778942,937.6049687,51
2023,20230712,32,0.528701782,0.872868969,3.675784787,253.291401,775.8990543,51
2023,20230712,33,0.727432251,1.147131862,4.895375417,256.311444,1032.578844,51
2023,20230712,34,0.664924622,1.197231258,4.003914621,252.5063937,1009.734706,51
2023,20230712,35,0.741851807,1.381942296,5.282147142,240.6812187,1202.572851,51
2023,20230712,37,0.635910034,0.893440941,3.457993511,234.1943871,786.3931298,51
2023,20230712,38,0.581718445,0.833194043,2.89041503,257.580977,712.6738553,51
2023,20230712,39,0.634849548,0.955779233,3.903867349,231.5171691,849.8754196,51
2023,20230712,40,0.551719666,0.79745524,3.619342184,246.2501676,727.4589132,51
2023,20230712,41,0.771995544,1.39174212,4.915971297,241.9053759,1191.356169,51
2023,20230712,42,0.698303223,1.231235429,4.369737821,264.8816251,1054.078959,51
2023,20230712,43,0.572952271,0.70373806,3.43197758,247.1580451,660.1935019,51
2023,20230712,44,0.721199036,1.51358544,5.148805942,240.2892435,1276.167638,51
2023,20230712,45,0.617347717,1.026710029,4.022268007,243.5513275,899.3779971,51
2023,20230712,47,0.650138855,1.065926082,3.687294212,234.1105566,908.587756,51
2023,20230712,48,0.536514282,0.835108152,3.665742981,230.93268,752.3129882,51
2023,20230712,49,0.689575195,1.084544245,4.010522602,240.6680163,941.4685896,51
2023,20230712,50,0.464904785,0.521814594,2.648114847,232.5915515,493.411762,51
2023,20230712,51,0.636253357,0.934293666,3.706416987,216.831763,825.6914577,51
2023,20230712,52,0.589698792,1.264570712,4.674084845,239.3335449,1082.07268,51
2023,20230712,53,0.486824036,0.615024,2.5991256,217.7912335,551.2403858,51
2023,20230712,54,0.709289551,1.096836232,3.686115217,248.5640867,933.181081,51
2023,20230712,56,0.649917603,0.947517963,4.236382914,237.4162727,864.2177255,51
2023,20230712,58,0.573516846,0.419958615,1.955412747,200.2641631,401.1059643,51
2023,20230712,59,0.594223022,0.687926302,3.326212208,214.6613369,646.3513066,51
2023,20230712,60,0.450553894,0.819963403,3.764043238,239.71711,740.5694097,51
2023,20230712,61,0.649505615,1.044960388,3.834368408,262.2848994,903.407438,51
2023,20230712,62,0.706192017,1.002528077,3.509841812,230.2180452,863.9981879,51
2023,20230712,63,0.607025146,0.873198793,3.449465912,224.1664148,770.650494,51
2023,20230712,64,0.605300903,0.662522153,3.627715682,216.3367503,647.8709626,51
2023,20230712,65,0.586494446,0.804708087,3.391881762,242.587014,722.6440917,51
2023,20230712,66,0.527656555,0.775401642,2.944954548,229.0825647,674.5594752,51
2023,20230712,67,0.698631287,1.140759565,4.14778991,229.3794893,985.1073786,51
2023,20230712,68,0.693954468,1.295246883,5.069798235,225.6060127,1132.234285,51
2023,20230712,69,0.662345886,0.814192652,2.912893258,224.7374677,709.0997012,51
2023,20230712,70,0.65788269,1.422260114,4.587023855,276.6979713,1182.42928,51
2023,20230712,71,0.506782532,0.727588778,3.131674575,234.0101781,652.8878373,51
2023,20230712,72,0.678314209,1.019920283,4.354155829,230.4180471,918.6725812,51
2023,20230712,73,0.799125671,1.007516945,3.647311867,212.522458,882.881904,51
2023,20230712,75,0.615570068,1.19435665,4.282154981,223.7583974,1018.789787,51
2023,20230712,76,0.656059265,0.933249692,4.187586576,214.9439514,853.1246524,51
2023,20230712,77,0.628440857,0.802815747,2.672177257,207.6399667,685.7748297,51
2023,20230712,78,0.588287354,0.747597496,2.922899253,225.7580588,661.2467283,51
2023,20230712,79,0.689926147,1.409741979,4.394669692,257.4498789,1166.870719,51
2023,20230712,80,0.580535889,1.105023816,4.30564248,286.4563062,960.8406164,51
2023,20230712,81,0.620414734,0.754137446,3.682103373,209.5277772,709.7538621,51
2023,20230712,82,0.643478394,0.697126773,2.541326125,257.1764943,613.5316361,51
2023,20230712,83,0.578620911,0.61741734,2.73739528,213.3375199,568.4363078,51
2023,20230712,84,0.532478333,0.970379521,3.622823318,244.2660901,834.6073678,51
2023,20230712,85,0.536117554,0.714089627,3.258498107,216.3157156,653.9430487,51
2023,20230712,86,0.616996765,1.009402707,3.717016733,232.7930622,871.7638444,51
2023,20230712,87,0.574409485,0.928080956,3.757130241,252.6269529,819.0901802,51
2023,20230712,88,0.656478882,1.089890187,3.654057225,245.2580537,922.3880161,51
2023,20230712,89,0.41104126,0.507587669,2.949743926,211.713911,496.2144871,51
2023,20230712,90,0.323242188,0.137597288,0.943669708,161.8508274,146.1520832,51
2023,20230712,91,0.6301651,1.35031142,4.766743233,270.6938822,1144.60254,51
2023,20230712,92,0.802368164,1.14018018,3.768143773,223.8732277,973.1443389,51
2023,20230712,93,0.67301178,1.052653079,3.677943352,235.4239922,901.7597972,51
2023,20230712,95,0.533363342,0.836157999,3.844071284,249.8173337,762.4544692,51
2023,20230712,96,0.704795837,0.804501438,3.30533378,223.5184102,728.2466847,51
2023,20230712,97,0.748603821,0.73857799,3.323271654,185.6595064,691.6810254,51
2023,20230712,98,0.547050476,0.61546862,2.512309466,237.9638129,552.0979569,51
2023,20230712,99,0.66204071,1.075971552,3.940046138,218.8654123,929.7875046,51
2023,20230712,100,0.849105835,1.443442167,4.927024313,254.5542915,1231.272198,51
2023,20230712,101,0.666244507,1.154380089,3.952913753,255.5369222,980.1335562,51
2023,20230712,102,0.416992188,0.684314052,2.971676513,255.3572614,608.9914934,51
2023,20230712,104,0.716407776,1.116641276,3.980098978,254.4325325,962.3469126,51
2023,20230712,105,0.697975159,1.257218886,4.128315187,203.0885142,1057.163145,51
2023,20230712,106,0.536643982,0.50591948,2.278679599,258.6856547,469.5518651,51
2023,20230712,107,0.662010193,1.060168721,4.016184868,240.9399823,924.0221351,51
2023,20230712,109,0.549026489,0.575871217,2.519284119,222.5720106,527.7726884,51
2023,20230712,110,0.580764771,0.635500673,2.752002268,198.1825493,580.7885966,51
2023,20230712,111,0.725585938,1.489985771,4.604080481,241.9819348,1231.911439,51
2023,20230712,112,0.583061218,0.831929168,3.624857622,206.3112854,752.1969443,51
2023,20230712,113,0.79347229,1.037746224,4.238321651,208.2176284,933.7252128,51
2023,20230712,114,0.554412842,0.905208435,3.2645764,226.5530495,775.9885452,51
2023,20230712,115,0.605918884,1.231712625,5.318948803,259.5255668,1098.157105,51
2023,20230712,116,0.76020813,1.378940362,4.440429168,234.8457847,1156.240349,51
2023,20230712,117,0.759475708,0.971375963,3.273606083,219.595341,836.2084822,51
2023,20230712,118,0.639533997,1.172093427,4.212621941,242.6919102,1003.115161,51
2023,20230712,119,0.675178528,1.158296401,3.97301288,235.9744028,984.4852179,51
2023,20230712,120,0.718826294,1.264068536,4.140534825,233.0131207,1063.981412,51
2023,20230712,122,0.642723083,0.959589832,3.204823785,233.8563672,814.705162,51
2023,20230712,123,0.61315155,1.10354869,4.239340997,232.4121152,959.1711939,51
2023,20230712,124,0.620887756,1.237131001,4.652714947,231.010763,1066.420871,51
2023,20230712,126,0.732131958,1.576622769,4.848834185,253.6875233,1300.32739,51
2023,20230712,127,0.637741089,1.168122536,4.393110016,257.0508805,1010.340149,51
2023,20230712,128,0.513687134,0.920677527,3.911096281,250.7909369,817.4913921,51
2023,20230712,129,0.374771118,0.290059303,2.618001022,181.9747464,338.1582421,51
2023,20230712,130,0.593200684,0.784000098,3.232122118,234.2973863,701.4809666,51
2023,20230712,131,0.565818787,0.523306987,2.999848929,172.6834758,522.5321978,51
2023,20230712,132,0.663085938,1.152496833,4.323145338,229.8655161,998.9349392,51
2023,20230712,133,0.827346802,1.351648414,4.577423421,223.6363999,1152.530831,51
2023,20230712,134,0.593132019,1.016450079,3.953868099,251.0690307,887.0440555,51
2023,20230712,135,0.598945618,0.952374337,4.33327272,236.0187779,868.061535,51
2023,20230712,136,0.601554871,0.945022981,4.640507569,228.9058022,880.4892943,51
2023,20230720,1,0.72492218,1.050222023,3.936121231,247.364442,918.9573546,59
2023,20230720,2,0.698776245,1.271362767,4.149574212,245.613488,1067.285252,59
2023,20230720,3,0.421562195,0.53932419,2.659793741,199.3541276,501.2177516,59
2023,20230720,4,0.564849854,0.879168538,4.752051874,218.1664424,841.9651288,59
2023,20230720,5,0.727455139,1.262231586,4.576212119,242.5624684,1087.437181,59
2023,20230720,6,0.468269348,0.613695253,2.591450822,210.3036438,548.3432921,59
2023,20230720,7,0.463653564,0.48050399,2.775204401,205.8641323,474.2987417,59
2023,20230720,9,0.766670227,1.452475168,5.099814738,259.0808772,1239.110332,59
2023,20230720,10,0.431877136,0.208702642,1.741102181,181.7769554,244.0935528,59
2023,20230720,11,0.637657166,0.614589205,2.903259684,214.5058821,580.9622875,59
2023,20230720,12,0.63924408,0.858092244,4.71686356,214.3651969,833.3792025,59
2023,20230720,13,0.837203979,1.544000121,4.997019103,251.4145956,1297.23779,59
2023,20230720,14,0.70426178,1.757570427,5.531336593,297.3842044,1448.919493,59
2023,20230720,15,0.634353638,0.728019969,3.031279393,221.3432215,658.9536787,59
2023,20230720,16,0.734016418,1.656693843,4.966215117,239.0130898,1357.233317,59
2023,20230720,17,0.710884094,1.742861797,6.416264907,283.8787986,1488.698842,59
2023,20230720,18,0.417900085,0.275621899,1.580183413,173.440895,276.0990298,59
2023,20230720,19,0.713653564,1.568472493,5.000222579,243.2349336,1301.856773,59
2023,20230720,20,0.770362854,1.479556981,5.949761071,232.8023367,1302.975638,59
2023,20230720,21,0.705764771,1.361653027,4.713788572,274.4865574,1155.521368,59
2023,20230720,22,0.768920898,1.778683561,5.090901024,271.5248033,1443.801819,59
2023,20230720,23,0.80519104,1.841115068,5.172460999,268.0582113,1490.706013,59
2023,20230720,24,0.750831604,1.05141555,4.112267351,205.4420556,931.6414978,59
2023,20230720,25,0.675796509,1.065821472,3.741509067,228.7112285,913.7601048,59
2023,20230720,26,0.667129517,0.736280392,3.27372865,233.066739,680.3151799,59
2023,20230720,27,0.677238464,1.404206539,4.797146675,284.1853949,1184.298777,59
2023,20230720,28,0.793395996,2.088113223,5.806448581,254.1731462,1679.569613,59
2023,20230720,29,0.589309692,0.615407946,2.679409096,242.1723764,564.9457866,59
2023,20230720,30,0.693222046,1.091680972,4.47578184,260.6223719,971.7414051,59
2023,20230720,32,0.595291138,0.927604369,3.655919384,224.4432016,815.099028,59
2023,20230720,33,0.613853455,0.875495259,3.929908933,232.3831427,798.9944528,59
2023,20230720,34,0.61113739,0.805954721,3.03717492,199.077424,706.1937553,59
2023,20230720,35,0.746749878,1.11517057,4.218740778,234.0077294,977.1698607,59
2023,20230720,37,0.704704285,0.723844266,3.144263485,245.8318508,668.7398414,59
2023,20230720,38,0.59753418,0.714946436,2.95864467,244.3133768,643.5045497,59
2023,20230720,39,0.608612061,0.970474235,4.12981093,255.8824821,869.154173,59
2023,20230720,40,0.565116882,0.89404765,3.501066925,243.1957062,782.86682,59
2023,20230720,41,0.699615479,1.097384977,4.431444175,251.7445781,973.464672,59
2023,20230720,42,0.636642456,0.961639273,3.743646473,222.4462305,844.9468268,59
2023,20230720,43,0.502098083,0.545430351,2.839831785,227.5029614,522.0362728,59
2023,20230720,44,0.73425293,1.971555081,6.26401542,265.4195847,1626.138157,59
2023,20230720,45,0.613449097,0.937354313,3.714656711,260.3553495,826.0475186,59
2023,20230720,47,0.649543762,1.09224783,3.790212214,263.2314093,930.7080636,59
2023,20230720,48,0.547340393,0.742037496,3.240994541,197.0118285,671.5398739,59
2023,20230720,49,0.65171051,0.844575725,3.750304397,238.837708,773.085308,59
2023,20230720,50,0.489311218,0.411844465,2.524039307,188.6920738,419.6784064,59
2023,20230720,51,0.608467102,0.815621289,3.033053953,219.8810774,711.8060793,59
2023,20230720,52,0.574874878,1.213024482,5.309849042,259.8719204,1083.168565,59
2023,20230720,53,0.412101746,0.451413265,2.508801135,209.7416083,436.8753078,59
2023,20230720,54,0.700622559,1.04694855,3.865167681,251.8094413,910.8663203,59
2023,20230720,56,0.737319946,1.193159763,4.230408072,234.3758693,1025.980136,59
2023,20230720,58,0.449081421,0.24044569,1.876857942,158.8566343,272.9930286,59
2023,20230720,59,0.687889099,0.834905279,3.366583144,217.9989566,749.207802,59
2023,20230720,60,0.45426178,0.64517635,3.685087486,221.4233758,626.7447081,59
2023,20230720,61,0.553627014,1.047148788,4.57377912,263.601557,936.7683845,59
2023,20230720,62,0.719604492,0.946046685,4.03395464,244.377015,858.3807136,59
2023,20230720,63,0.616439819,0.840851435,3.741077886,256.9246201,767.1186376,59
2023,20230720,64,0.528892517,0.601608743,2.694470976,205.9548794,551.7522851,59
2023,20230720,65,0.531097412,0.671041965,2.878473367,242.7204635,605.6485106,59
2023,20230720,66,0.480033875,0.521562835,2.242020959,190.0386004,472.365285,59
2023,20230720,67,0.67350769,1.045401604,3.646778425,237.6845117,895.541277,59
2023,20230720,68,0.677246094,1.202816487,5.039118237,242.0367389,1070.995702,59
2023,20230720,69,0.585792542,0.613464251,2.648994511,234.1215198,561.748443,59
2023,20230720,70,0.680587769,1.517717175,4.945001953,285.6857675,1264.01481,59
2023,20230720,71,0.507232666,0.594026074,2.97279736,250.6236345,560.3046193,59
2023,20230720,72,0.625167847,1.131647565,4.326076231,235.9217105,982.638546,59
2023,20230720,73,0.65952301,0.708149508,3.0250746,195.1998801,648.3554936,59
2023,20230720,75,0.577682495,1.008085693,3.456161894,232.8592893,853.1793309,59
2023,20230720,76,0.628623962,0.934063762,4.541211331,231.8111484,870.5635287,59
2023,20230720,77,0.534461975,0.704323271,2.577310934,221.3055527,610.3754493,59
2023,20230720,78,0.499801636,0.627080518,3.357230353,211.2605716,601.4590637,59
2023,20230720,79,0.714126587,1.833508683,5.22134843,291.4034912,1480.543058,59
2023,20230720,80,0.70438385,1.397291631,4.733044025,282.6459066,1178.847385,59
2023,20230720,81,0.596183777,0.761275696,3.63339238,229.8181364,709.4287655,59
2023,20230720,82,0.604682922,0.693367942,2.957383194,238.0933863,630.5088422,59
2023,20230720,83,0.520019531,0.548191146,2.620203374,210.4879957,513.3359447,59
2023,20230720,84,0.623130798,0.85482511,3.576948426,251.1460634,767.5079673,59
2023,20230720,85,0.539260864,0.688047709,3.385402005,233.8406129,644.8031922,59
2023,20230720,86,0.600082397,0.982542325,4.040927235,244.2955192,871.1175831,59
2023,20230720,87,0.698417664,1.387561449,4.80105041,291.8017385,1175.927479,59
2023,20230720,88,0.673690796,1.223550846,4.015588456,238.8191526,1027.687951,59
2023,20230720,89,0.42615509,0.386615997,2.70199311,189.0276484,407.9764264,59
2023,20230720,90,0.298660278,0.114949465,1.01831156,149.1427313,133.8308052,59
2023,20230720,91,0.625869751,1.46560635,5.118284857,272.5137136,1235.911821,59
2023,20230720,92,0.679122925,1.054565151,4.398766249,225.5888205,942.9557254,59
2023,20230720,93,0.614395142,0.953493848,3.685446095,254.5365468,834.6740558,59
2023,20230720,95,0.608413696,0.947194571,4.218034389,254.0860607,859.3371642,59
2023,20230720,96,0.785629272,0.876798562,3.044257928,207.4484428,766.5401003,59
2023,20230720,97,0.664161682,0.609203568,2.587673355,201.8601731,562.6503927,59
2023,20230720,98,0.607635498,0.639202974,2.826464651,231.7530041,589.5686878,59
2023,20230720,99,0.540840149,0.787336105,2.83811474,240.4005973,677.3777108,59
2023,20230720,100,0.712898254,1.459925836,5.741971941,250.3388971,1274.181256,59
2023,20230720,101,0.598701477,1.087174744,4.228217749,259.3444139,946.9946259,59
2023,20230720,102,0.49206543,0.785404268,3.730415743,229.7148216,720.6865848,59
2023,20230720,104,0.66065979,1.146229936,3.995914985,233.9442334,976.8716208,59
2023,20230720,105,0.600280762,0.904033183,3.43835812,236.3487768,788.8211109,59
2023,20230720,106,0.586830139,0.470021888,2.357161276,232.7084518,455.7318845,59
2023,20230720,107,0.658027649,1.003188833,3.512323796,234.6186084,860.2867318,59
2023,20230720,109,0.476989746,0.490815983,2.793885701,210.8737538,482.9812536,59
2023,20230720,110,0.51234436,0.705974028,4.024094204,208.6330132,688.6437531,59
2023,20230720,111,0.746871948,1.480559741,4.974715611,271.6239936,1248.158567,59
2023,20230720,112,0.574241638,0.772888121,2.886538215,207.1878249,673.9054232,59
2023,20230720,113,0.59261322,0.76284673,3.468649284,191.3817397,701.0828999,59
2023,20230720,114,0.525360107,0.665187315,2.540635458,223.8030824,582.9706068,59
2023,20230720,115,0.686904907,1.512076784,5.441801226,274.7202203,1288.221478,59
2023,20230720,116,0.691673279,1.189268346,4.408153749,223.9873362,1029.223941,59
2023,20230720,117,0.622962952,0.834145416,3.613935889,236.9346199,756.5230505,59
2023,20230720,118,0.648925781,1.198436294,4.825613365,247.0023698,1054.050988,59
2023,20230720,119,0.605506897,1.09374481,4.233127367,267.4406049,951.9940683,59
2023,20230720,120,0.70349884,1.164961535,3.679042591,246.0475963,975.0895203,59
2023,20230720,122,0.619918823,0.800058084,2.869932173,237.6053192,694.1117396,59
2023,20230720,123,0.570457458,0.899840327,3.443862658,257.2580522,783.8483869,59
2023,20230720,124,0.583328247,1.083923942,4.621195218,211.4587756,965.1006702,59
2023,20230720,126,0.846923828,2.129525263,5.577196421,271.8444312,1697.781029,59
2023,20230720,127,0.617393494,1.14611382,4.521668753,301.4567721,1001.746294,59
2023,20230720,128,0.517250061,0.870496302,3.454822019,237.3502782,761.3004675,59
2023,20230720,129,0.396003723,0.310805938,2.476818844,194.9526493,345.3464304,59
2023,20230720,130,0.601966858,0.549227987,2.879743192,175.984374,535.4454181,59
2023,20230720,131,0.516265869,0.404458754,2.451602712,153.1482805,413.4581438,59
2023,20230720,132,0.545913696,0.996456787,3.655543379,198.4973129,853.9735109,59
2023,20230720,133,0.744255066,1.392064245,5.427243664,227.0676709,1217.087616,59
2023,20230720,134,0.692848206,1.256500956,5.032887667,263.6855528,1105.769263,59
2023,20230720,135,0.59098053,0.933243492,4.285801142,241.280895,852.7370311,59
2023,20230720,136,0.873252869,1.363727007,4.692530318,256.7112721,1170.483601,59
2024,20240605,1,0.26506042,0.005403348,0.083025,93.57844023,10.82946054,16
2024,20240605,2,0.29749298,0.032038752,0.2496,123.7795252,39.5539895,16
2024,20240605,3,0.29304504,0.045802176,0.20265,112.9182087,45.23913271,16
2024,20240605,4,0.3226471,0.059763107,0.134325,110.8058813,52.89183817,16
2024,20240605,5,0.31721497,0.059907712,0.20215,116.372001,56.21430647,16
2024,20240605,6,0.18076324,0.04549457,0.1438,105.1566412,31.88789485,16
2024,20240605,7,0.30231476,0.050579287,0.183325,103.2202373,48.0035606,16
2024,20240605,8,0.11024475,0.04083171,0.095725,92.24522876,20.08571538,16
2024,20240605,9,0.30083466,0.057358313,0.148125,98.88723835,50.20568155,16
2024,20240605,10,0.336586,0.06117771,0.161475,101.9976777,56.50034706,16
2024,20240605,11,0.31892395,0.06875947,0.3356,129.5658522,69.23201366,16
2024,20240605,12,0.17622375,0.045679204,0.271475,121.7321116,38.59035102,16
2024,20240605,13,0.296875,0.043644927,0.379725,134.7365198,53.91457002,16
2024,20240605,14,0.32070923,0.07947349,0.260975,115.7331162,72.03786509,16
2024,20240605,15,0.3297348,0.13037379,0.1454,95.7697703,98.49504318,16
2024,20240605,16,0.29535675,0.012923672,0.267675,116.7972355,28.34287493,16
2024,20240605,17,0.2965622,0.042762864,0.139775,106.8084421,40.19917253,16
2024,20240605,18,0.28393555,0.01685671,0.070075,88.30039244,18.98805748,16
2024,20240605,19,0.31166077,0.045479666,0.188675,100.5857957,45.91904353,16
2024,20240605,20,0.08392334,0.026777081,0.0553,85.80334539,6.712132263,16
2024,20240605,21,0.2783966,0.03205525,0.04395,76.1027984,26.61827179,16
2024,20240605,22,0.30538177,0.033227555,0.0791,91.74273072,31.6669842,16
2024,20240605,23,0.3107071,0.046877455,0.0533,75.119606,39.30334481,16
2024,20240605,24,0.2951126,0.062779464,0.084675,90.91614999,49.63290334,16
2024,20240605,25,0.2932968,0.060865104,0.031775,84.63257278,45.37384176,16
2024,20240605,26,0.2967987,0.041852716,0.040725,76.10558625,34.22677687,16
2024,20240605,27,0.29309845,0.017699689,0.02035,73.51842752,17.60701672,16
2024,20240605,28,0.29582977,0.0675755,0.042325,80.69049025,50.3920767,16
2024,20240605,29,0.29774475,0.085011676,0.0754,88.70291777,63.32828481,16
2024,20240605,30,0.29277802,0.021861987,0.11075,97.56591422,25.14209422,16
2024,20240605,31,0.27391052,0.062001456,0.122275,112.9304846,49.32566166,16
2024,20240605,32,0.31946564,0.09252122,0.275775,127.4421177,80.93670028,16
2024,20240605,33,0.31110382,0.04562812,0.116925,99.44986102,42.03586537,16
2024,20240605,34,0.32183075,0.07543043,0.19205,112.7508461,65.82402435,16
2024,20240605,35,0.28099823,0.04142617,0.179725,99.50104326,40.16846139,16
2024,20240605,36,0.29389954,0.061925445,0.05735,94.88971229,47.49329727,16
2024,20240605,37,0.11238098,0.06716656,0.081925,92.04760452,36.06751891,16
2024,20240605,38,0.27590942,0.053591967,0.129525,100.7950203,44.61509836,16
2024,20240605,39,0.31420898,0.07252506,0.188375,111.8281354,63.12270341,16
2024,20240605,40,0.2937622,0.078077056,0.2457,124.2566138,67.93953225,16
2024,20240605,41,0.3047104,0.055755515,0.183775,103.0817576,51.49279929,16
2024,20240605,42,0.28038025,0.043106474,0.0901,89.22530522,36.26408128,16
2024,20240605,43,0.31532288,0.059903618,0.151325,103.9385429,53.26242406,16
2024,20240605,44,0.31840515,0.05533709,0.07095,86.38724454,46.26646981,16
2024,20240605,45,0.27478027,0.06524066,0.164125,112.3875095,53.72868137,16
2024,20240605,46,0.1687088,0.060055673,0.26325,131.2635328,46.50886538,16
2024,20240605,47,0.20161438,0.051032163,0.088275,89.02039082,34.17375907,16
2024,20240605,48,0.30712128,0.03837669,0.1128,106.1824025,36.90104085,16
2024,20240605,49,0.34378052,0.046274163,0.12535,106.8246909,45.79481582,16
2024,20240605,50,0.28141022,0.020353133,0.10425,103.98753,22.83216033,16
2024,20240605,51,0.29721832,0.021188775,0.2253,116.5295162,31.38182259,16
2024,20240605,52,0.28289032,0.048365638,0.083125,92.05233083,39.40916077,16
2024,20240605,53,0.30233765,0.06026828,0.204975,116.9791438,55.27887094,16
2024,20240605,54,0.3259964,0.06662657,0.22225,123.1742603,62.31355291,16
2024,20240605,55,0.309021,0.080115825,0.233325,123.0040716,69.89369357,16
2024,20240605,56,0.2847824,0.09072434,0.3053,131.3978873,78.35417884,16
2024,20240605,57,0.313591,0.084281385,0.173575,111.1983578,69.64529208,16
2024,20240605,58,0.31641388,0.086734876,0.098575,87.68213102,67.33176061,16
2024,20240605,59,0.2683792,0.06861355,0.152525,102.3956728,54.64670565,16
2024,20240605,60,0.32230377,0.07857145,0.2887,127.1240042,73.12966733,16
2024,20240605,61,0.24833679,0.030789545,0.0601,83.07945092,24.04662662,16
2024,20240605,62,0.3263855,0.053395055,0.102775,97.98199951,47.49431706,16
2024,20240605,63,0.30908966,0.032165803,0.063725,88.20596312,30.48641715,16
2024,20240605,64,0.07727814,0.04507026,0.077475,85.01774766,18.83268643,16
2024,20240605,65,0.304924,0.03658702,0.08135,88.30055317,33.86061712,16
2024,20240605,66,0.255661,0.025441475,0.09115,88.74602304,23.0337304,16
2024,20240605,67,0.29187775,0.037532568,0.06935,86.9333093,32.64338144,16
2024,20240605,68,0.06917572,0.023159405,0.058975,86.84612124,3.334882323,16
2024,20240605,69,0.08413696,0.02309704,0.0463,80.70464363,3.925996035,16
2024,20240605,70,0.25159454,0.024150185,0.0351,96.59045584,18.79459453,16
2024,20240605,71,0.07070923,0.021430321,0.067775,89.8793803,2.865749084,16
2024,20240605,72,0.31388092,0.036145065,0.134125,99.9306617,37.26417786,16
2024,20240605,73,0.2642746,0.017599061,0.090925,95.23563376,18.85575892,16
2024,20240605,74,0.2742157,0.01221171,0.04305,88.98896632,13.729882,16
2024,20240605,75,0.3054428,0.027431218,0.1129,97.36434109,29.88014314,16
2024,20240605,76,0.23028564,0.013182167,0.078275,89.31491536,12.37992611,16
2024,20240605,77,0.27655792,0.050146747,0.030575,71.07686018,37.09166975,16
2024,20240605,78,0.27962494,0.10673852,0.108325,96.94253404,77.17935608,16
2024,20240605,79,0.3515854,0.0607005,0.069675,84.37423753,52.50332395,16
2024,20240605,80,0.29666138,0.031065524,0.041,83.00243902,27.45130769,16
2024,20240605,81,0.31237793,0.05849835,0.063,82.10238095,47.28437668,16
2024,20240605,82,0.29657745,0.06399777,0.045075,78.17771588,48.36061956,16
2024,20240605,83,0.32148743,0.03845139,0.073575,82.4375,36.0724266,16
2024,20240605,84,0.3189392,0.026707314,0.062975,84.511711,27.88708138,16
2024,20240605,85,0.27742767,0.01606717,0.07585,87.12096243,18.23208039,16
2024,20240605,86,0.31900024,0.02452824,0.121475,93.94052274,29.72516033,16
2024,20240605,87,0.29401398,0.020452665,0.0876,96.1635274,23.09880248,16
2024,20240605,88,0.2809906,0.013807797,0.03525,77.14964539,14.90546502,16
2024,20240605,89,0.28546143,0.005039838,0.073875,83.67106599,11.90569587,16
2024,20240605,90,0.27363586,0.14088129,0.130425,95.30539037,99.31330891,16
2024,20240605,91,0.3003769,0.10038415,0.06915,90.9175705,72.87877035,16
2024,20240605,92,0.29978943,0.027570883,0.0668,86.21706587,26.94434346,16
2024,20240605,93,0.28125,0.096999824,0.08895,82.51854975,70.14317606,16
2024,20240605,94,0.31292725,0.07047758,0.113325,93.50231635,57.61489701,16
2024,20240605,95,0.10018158,0.058141746,0.060475,83.82306738,28.142896,16
2024,20240605,96,0.26976013,0.042224903,0.058875,81.1477707,33.06118242,16
2024,20240605,97,0.090148926,0.030556023,0.05465,84.26532479,9.602095146,16
2024,20240605,98,0.054481506,0.005675043,0.015125,70.0231405,-11.35231575,16
2024,20240605,99,0.30271912,0.010644808,0.0509,77.37278978,15.69747613,16
2024,20240605,100,0.28604126,0.004368085,0.058675,85.19599489,10.70294073,16
2024,20240605,101,0.3173828,0.018890087,0.104075,89.54287773,25.0867877,16
2024,20240605,102,0.30915833,0.026683938,0.016225,78.798151,24.44797389,16
2024,20240605,103,0.31330872,0.050861716,0.030725,69.74125305,40.80156095,16
2024,20240605,104,0.3338089,0.039072055,0.0732,81.02254098,37.5323494,16
2024,20240605,105,0.29174805,0.1300523,0.10605,89.13083451,92.77744522,16
2024,20240605,106,0.31269073,0.068717256,0.13005,109.0909967,57.40325516,16
2024,20240605,107,0.25229645,0.017939173,0.088175,85.35412532,17.8589008,16
2024,20240605,108,0.28043365,0.0749057,0.046675,87.30155329,53.87371826,16
2024,20240605,109,0.3199997,0.05175442,0.07905,88.26755218,44.59968331,16
2024,20240605,110,0.3072815,0.040797338,0.041725,85.6327142,34.54606002,16
2024,20240605,111,0.2838745,0.03634853,0.092025,95.6460201,32.43218049,16
2024,20240605,112,0.29670715,0.060063384,0.052525,82.75059495,46.30760945,16
2024,20240605,113,0.28470612,0.057291497,0.055575,84.50832209,43.67069162,16
2024,20240605,114,0.3012848,0.039062195,0.089625,85.43542538,35.54680624,16
2024,20240605,115,0.27762604,0.037740033,0.129975,104.2206193,34.8307382,16
2024,20240605,116,0.30883026,0.047548834,0.048175,84.62272963,39.27860941,16
2024,20240605,117,0.26675415,0.04250223,0.10835,97.45062298,35.67739067,16
2024,20240605,118,0.30059814,0.060101196,0.0718,82.14171309,47.73071887,16
2024,20240605,119,0.31428528,0.030506274,0.067675,93.90801625,30.11962348,16
2024,20240605,120,0.29675293,0.17236452,0.053275,79.92491788,116.91959,16
2024,20240605,121,0.3607483,0.10401677,0.11325,101.4533009,82.91799898,16
2024,20240605,122,0.28539276,0.050958198,0.357975,136.8904416,56.30338848,16
2024,20240605,123,0.27880096,0.08018793,0.235525,115.5932384,67.38496946,16
2024,20240605,124,0.33678436,0.10392779,0.36515,132.8237711,94.52882211,16
2024,20240605,125,0.30478668,0.092361316,0.2705,107.1956562,79.24842312,16
2024,20240605,126,0.32214355,0.07206035,0.102875,100.308384,58.85312843,16
2024,20240605,127,0.30879974,0.110391565,0.26135,112.7342644,90.43246023,16
2024,20240605,128,0.29277802,0.096502796,0.1968,118.7690549,76.75415214,16
2024,20240605,129,0.31014252,0.057556614,0.17035,105.9800411,52.3704918,16
2024,20240605,130,0.28518677,0.05067014,0.3206,119.257486,54.05846337,16
2024,20240605,131,0.30451202,0.045837644,0.1971,102.8315576,45.97246347,16
2024,20240605,132,0.2940979,0.07789531,0.268975,100.9153267,69.12897391,16
2024,20240605,133,0.20605469,0.06258241,0.200175,111.9667791,47.9493211,16
2024,20240605,134,0.18448639,0.048488066,0.13015,96.24068383,33.35129855,16
2024,20240605,135,0.28182983,0.1042796,0.241775,114.536656,83.13363864,16
2024,20240605,136,0.06075287,0.04957561,0.074475,81.10909701,20.03704705,16
2024,20240605,137,0.25239563,0.007582254,0.110175,94.56637168,12.56383182,16
2024,20240605,138,0.28085327,0.017424505,0.143925,102.5520125,23.11417927,16
2024,20240605,139,0.30446625,0.06887602,0.075175,81.70734952,53.77162382,16
2024,20240605,140,0.2930298,0.031873543,0.058775,81.78094428,28.6105513,16
2024,20240605,141,0.29149628,0.0233578,0.03225,78.7379845,21.67196,16
2024,20240605,142,0.2532196,0.058734436,0.05025,75.87313433,41.49940444,16
2024,20240605,143,0.304039,0.07754331,0.07925,85.9659306,59.40313559,16
2024,20240605,144,0.31721497,0.11914613,0.02315,66.86717063,83.64065697,16
2024,20240605,145,0.28354645,0.11416638,0.055925,79.30531962,79.32579719,16
2024,20240605,146,0.28887177,0.06776521,0.055175,75.57181695,50.59884143,16
2024,20240605,147,0.059890747,0.029239083,0.078275,83.71957841,7.389837371,16
2024,20240605,148,0.28189087,0.07868137,0.01325,77.31132075,54.54571807,16
2024,20240605,149,0.2953186,0.024461094,0.011425,62.9190372,21.56367304,16
2024,20240605,150,0.31913757,0.01610415,0.07465,82.7323046,21.88092744,16
2024,20240613,1,0.07989502,0.005949721,0.159249509,93.71098901,-1.042114088,24
2024,20240613,2,0.29975128,0.0507555,0.499698459,124.9157995,65.20384398,24
2024,20240613,3,0.2955017,0.079617776,0.469998551,130.5529787,81.33840477,24
2024,20240613,4,0.32665253,0.077190675,0.31784902,120.0390908,74.24233455,24
2024,20240613,5,0.32043457,0.09402371,0.594298167,138.8854535,99.40065654,24
2024,20240613,6,0.2847519,0.07266877,0.382273821,111.871493,71.21896087,24
2024,20240613,7,0.30451965,0.08468843,0.637748033,146.6392646,94.504362,24
2024,20240613,8,0.17716217,0.042778634,0.235099275,105.6047254,34.85977052,24
2024,20240613,9,0.2285614,0.078876264,0.542023329,140.6130744,78.89051227,24
2024,20240613,10,0.21723938,0.090737194,0.589998181,131.429322,87.96745941,24
2024,20240613,11,0.32136536,0.14328513,0.864747333,158.2797051,145.2403191,24
2024,20240613,12,0.28247833,0.101937704,0.806872512,162.1683036,112.649562,24
2024,20240613,13,0.30038452,0.15724836,0.91757217,174.1186824,155.0489548,24
2024,20240613,14,0.2907791,0.16182388,0.727447757,134.6754416,146.6677196,24
2024,20240613,15,0.23253632,0.15370141,0.543773323,148.7339433,126.3560931,24
2024,20240613,16,0.2915802,0.043953445,0.572498235,136.2297817,64.1911215,24
2024,20240613,17,0.17906952,0.07344613,0.379698829,125.421912,62.21369109,24
2024,20240613,18,0.28386688,0.03488217,0.193349404,105.1546418,37.05598847,24
2024,20240613,19,0.3100586,0.070598364,0.501748453,112.9942202,78.69693586,24
2024,20240613,20,0.06455231,0.028409673,0.092474715,81.19356583,8.058412657,24
2024,20240613,21,0.2709732,0.02615298,0.268174173,97.44411299,34.52519865,24
2024,20240613,22,0.16627502,0.04012714,0.311549039,116.821377,36.41455298,24
2024,20240613,23,0.30501556,0.04374034,0.233724279,105.7798695,46.70373701,24
2024,20240613,24,0.2898407,0.07875799,0.391948791,130.7721648,76.02516106,24
2024,20240613,25,0.13700104,0.068473645,0.183999433,94.69809783,44.65466276,24
2024,20240613,26,0.30348969,0.047388747,0.225149306,100.3738619,48.39191165,24
2024,20240613,27,0.082084656,0.028719421,0.124374616,103.4500503,11.5506603,24
2024,20240613,28,0.29413605,0.0805107,0.198524388,107.2747765,66.9197357,24
2024,20240613,29,0.2903824,0.092502415,0.340273951,100.6601278,81.88133477,24
2024,20240613,30,0.28562927,0.038547646,0.400048766,120.2475316,50.82874769,24
2024,20240613,31,0.20258331,0.07042436,0.28214913,108.2068935,57.05654957,24
2024,20240613,32,0.24452972,0.15263261,0.768022632,166.8971388,139.0199828,24
2024,20240613,33,0.19566345,0.042006873,0.30819905,105.0481019,40.0132168,24
2024,20240613,34,0.30484772,0.119834535,0.442748635,130.917843,105.9451009,24
2024,20240613,35,0.19143677,0.07096672,0.642523019,150.9339325,76.13564056,24
2024,20240613,36,0.28759766,0.057471763,0.160649505,105.427949,49.79102476,24
2024,20240613,37,0.17025757,0.06968714,0.054674831,88.7558299,41.2818958,24
2024,20240613,38,0.27937317,0.08972854,0.384823813,132.2803222,81.60239952,24
2024,20240613,39,0.30795288,0.101254255,0.561723268,136.0098358,101.0565505,24
2024,20240613,40,0.28768158,0.13273236,0.725197764,141.7868174,127.9901465,24
2024,20240613,41,0.3056488,0.08497115,0.558423278,121.4231992,90.44017369,24
2024,20240613,42,0.27906036,0.04924797,0.346773931,111.1747531,54.05523659,24
2024,20240613,43,0.19290161,0.08707204,0.50927343,124.9654411,79.09210964,24
2024,20240613,44,0.1233902,0.047467362,0.259799199,107.6977483,34.39919021,24
2024,20240613,45,0.26715088,0.10856804,0.477248528,130.42923,97.41773483,24
2024,20240613,46,0.24815369,0.08848391,0.455848594,123.5856025,81.94489015,24
2024,20240613,47,0.3124466,0.054436184,0.27872414,100.9382904,56.54537326,24
2024,20240613,48,0.30788422,0.045346692,0.233774279,105.888675,47.96973415,24
2024,20240613,49,0.33483887,0.07318659,0.290574104,102.8062462,70.95789575,24
2024,20240613,50,0.2822113,0.043483064,0.294299092,116.4267754,47.83942323,24
2024,20240613,51,0.29537964,0.086257756,0.486248501,129.2383548,86.38940609,24
2024,20240613,52,0.27902985,0.07553038,0.284374123,112.0531868,67.15226609,24
2024,20240613,53,0.29328156,0.121554784,0.455723595,129.2743879,106.7126347,24
2024,20240613,54,0.31986237,0.17299138,0.70057284,136.3991143,154.7879327,24
2024,20240613,55,0.3026123,0.15388125,0.731747743,144.2107853,142.9593782,24
2024,20240613,56,0.28173828,0.16412227,0.767297634,150.9503128,149.4930062,24
2024,20240613,57,0.303154,0.10895628,0.445698626,114.4136751,99.12108348,24
2024,20240613,58,0.310997,0.072815344,0.311849038,102.7122014,69.77909466,24
2024,20240613,59,0.2613449,0.08687343,0.422998696,118.9671986,80.30231047,24
2024,20240613,60,0.31463623,0.17179666,0.667572941,140.3878216,151.768475,24
2024,20240613,61,0.2367096,0.035643887,0.147249546,94.22410866,30.83801571,24
2024,20240613,62,0.31918335,0.054714687,0.228774295,110.6453939,54.58261268,24
2024,20240613,63,0.073135376,0.032448385,0.167849482,90.75494901,15.4813912,24
2024,20240613,64,0.14243317,0.06222125,0.293199096,108.4441508,47.18351945,24
2024,20240613,65,0.31176758,0.038493536,0.259199201,114.4130015,45.39868817,24
2024,20240613,66,0.2925415,0.02767634,0.282874128,93.00053027,38.19580058,24
2024,20240613,67,0.07472229,0.029682435,0.120774628,92.31318568,11.30718588,24
2024,20240613,68,0.30207825,0.03532899,0.219274324,105.5888724,40.36742601,24
2024,20240613,69,0.2763443,0.030545386,0.08767473,77.30725552,27.88112333,24
2024,20240613,70,0.15197754,0.024291918,0.089149725,99.72490185,13.02599948,24
2024,20240613,71,0.2741623,0.021727752,0.239549261,112.0457155,30.4599831,24
2024,20240613,72,0.29937744,0.03982202,0.446973622,123.6842105,55.41462041,24
2024,20240613,73,0.078826904,0.014532588,0.272024161,109.1887694,10.4292122,24
2024,20240613,74,0.26836395,0.009464747,0.122299623,100.4665576,15.82355084,24
2024,20240613,75,0.29899597,0.03625012,0.224574307,105.931426,40.96354898,24
2024,20240613,76,0.13451385,0.026116544,0.18497443,98.8071361,17.87190201,24
2024,20240613,77,0.27405548,0.049268488,0.100249691,87.6084788,40.13191533,24
2024,20240613,78,0.2753601,0.107287586,0.190974411,106.0365231,81.67068153,24
2024,20240613,79,0.100120544,0.05805004,0.119774631,90.19265289,31.32558181,24
2024,20240613,80,0.29592133,0.032723717,0.091449718,88.56533625,31.18909654,24
2024,20240613,81,0.30055237,0.040641222,0.166274487,91.9120433,40.669545,24
2024,20240613,82,0.28874207,0.06570961,0.106099673,85.19839774,52.0829988,24
2024,20240613,83,0.3173523,0.05673808,0.198924387,85.6967307,54.05820126,24
2024,20240613,84,0.3124237,0.03191153,0.140099568,99.65471092,34.80199338,24
2024,20240613,85,0.27246094,0.02387415,0.161549502,89.36923553,27.38890242,24
2024,20240613,86,0.32154083,0.060328484,0.411173732,116.7565513,68.30227209,24
2024,20240613,87,0.29437256,0.03866277,0.293899094,103.2362198,45.86485354,24
2024,20240613,88,0.27339172,0.015593028,0.112749652,87.94922395,19.59663461,24
2024,20240613,89,0.2840042,0.014949334,0.144224555,97.10365748,21.85410189,24
2024,20240613,90,0.25763702,0.16242322,0.417823712,111.3879615,127.1642833,24
2024,20240613,91,0.2948761,0.113322526,0.229974291,123.7882379,89.32464169,24
2024,20240613,92,0.2877655,0.036462285,0.384123815,106.0887081,48.83578185,24
2024,20240613,93,0.21035767,0.12315521,0.423598694,108.8372875,98.62127534,24
2024,20240613,94,0.29777527,0.08832275,0.397398775,123.2160921,83.03589023,24
2024,20240613,95,0.29553986,0.059871536,0.152674529,92.26428688,51.56534942,24
2024,20240613,96,0.26602936,0.030197777,0.170399475,112.9360329,31.27769801,24
2024,20240613,97,0.16165924,0.030255917,0.295299089,109.6685574,28.91383453,24
2024,20240613,98,0.32095337,0.014556165,0.14909954,94.89319249,25.14384376,24
2024,20240613,99,0.30444336,0.022920677,0.197424391,106.0262125,31.58376423,24
2024,20240613,100,0.27817535,0.01686821,0.245549243,118.0404195,28.08993866,24
2024,20240613,101,0.16355896,0.033524618,0.286024118,116.3025959,30.62826063,24
2024,20240613,102,0.05368805,0.026474265,0.031899902,96.12068966,2.565269942,24
2024,20240613,103,0.3042984,0.066309765,0.174349462,90.10180671,57.57243332,24
2024,20240613,104,0.32878113,0.052620366,0.162499499,96.92938462,50.48850319,24
2024,20240613,105,0.21400452,0.14680523,0.426523685,129.9753238,113.9651233,24
2024,20240613,106,0.31813812,0.12156471,0.52199839,141.3613027,112.5461488,24
2024,20240613,107,0.24748993,0.04251628,0.4538736,128.9800606,52.89328128,24
2024,20240613,108,0.2678604,0.066484176,0.20427437,110.1329091,56.09520957,24
2024,20240613,109,0.3044815,0.05710617,0.237499268,101.1587536,55.26180583,24
2024,20240613,110,0.30537415,0.045029905,0.228774295,117.5451863,47.27486529,24
2024,20240613,111,0.2757492,0.044324733,0.355148905,119.597409,51.12697475,24
2024,20240613,112,0.2838211,0.03999892,0.248874233,110.3847313,43.30626138,24
2024,20240613,113,0.24269104,0.072695725,0.198024389,108.5846484,57.42881824,24
2024,20240613,114,0.28833008,0.0619487,0.434323661,124.9764002,67.64833798,24
2024,20240613,115,0.27970886,0.07995366,0.456123593,133.6806796,79.39237836,24
2024,20240613,116,0.30841827,0.053573377,0.280474135,122.486407,55.7424902,24
2024,20240613,117,0.2636032,0.066980585,0.440798641,126.9015994,68.97632753,24
2024,20240613,118,0.3032303,0.09244309,0.289174108,108.6101841,80.18418012,24
2024,20240613,119,0.3246231,0.04110715,0.17504946,112.9635818,43.57285066,24
2024,20240613,120,0.2885208,0.16186012,0.154949522,93.28283317,115.1554489,24
2024,20240613,121,0.19455719,0.10507492,0.351598916,135.8240899,81.92095576,24
2024,20240613,122,0.29212952,0.17404398,0.886122267,171.6569051,163.1509073,24
2024,20240613,123,0.30876923,0.1401554,0.656122977,149.0568914,130.740068,24
2024,20240613,124,0.3303604,0.26300237,1.023946842,173.3934875,229.976967,24
2024,20240613,125,0.29979706,0.18953617,0.970147008,163.8659228,178.163355,24
2024,20240613,126,0.31690216,0.08855993,0.367098868,116.0577499,83.21920241,24
2024,20240613,127,0.297081,0.16424592,0.656672975,144.0772452,144.8735791,24
2024,20240613,128,0.28418732,0.13285726,0.556598284,136.060097,118.5312475,24
2024,20240613,129,0.2513199,0.089915,0.589448182,146.4376962,90.43680926,24
2024,20240613,130,0.30361176,0.15317209,0.852122372,160.2261699,149.1908124,24
2024,20240613,131,0.26250458,0.111742064,0.62602307,133.7353141,107.1440518,24
2024,20240613,132,0.29480743,0.1694777,0.931672127,175.827354,163.0117094,24
2024,20240613,133,0.28990936,0.12634769,0.527448373,128.4146365,113.3517177,24
2024,20240613,134,0.30735016,0.08244539,0.524473383,120.5219029,87.14540845,24
2024,20240613,135,0.32105255,0.20907053,0.723972767,145.8299665,178.8451611,24
2024,20240613,136,0.19211578,0.0708665,0.280274136,112.6636339,56.30538424,24
2024,20240613,137,0.2590561,0.05385492,0.472873542,119.5614425,62.08170533,24
2024,20240613,138,0.27798462,0.059128962,0.564673259,134.1817777,72.09549954,24
2024,20240613,139,0.29156494,0.087397344,0.293124096,106.0385929,76.19739972,24
2024,20240613,140,0.2943802,0.048822347,0.216124334,100.7767496,47.99258959,24
2024,20240613,141,0.28699493,0.023263628,0.080524752,96.65197144,23.8566952,24
2024,20240613,142,0.29725647,0.054830387,0.17187447,95.04043636,49.60044337,24
2024,20240613,143,0.29573822,0.067564525,0.238974263,103.2962653,61.14050197,24
2024,20240613,144,0.3175888,0.11001548,0.099299694,88.33862034,82.10428294,24
2024,20240613,145,0.2692032,0.11896997,0.194024402,87.47803118,88.6336215,24
2024,20240613,146,0.28019714,0.09331548,0.272999158,99.25100733,77.80862873,24
2024,20240613,147,0.29566193,0.05629953,0.237524268,105.4471108,53.9757798,24
2024,20240613,148,0.28212738,0.08660188,0.033074898,90.65079365,60.62877323,24
2024,20240613,149,0.29923248,0.025147595,0.050999843,74.75245098,24.50752011,24
2024,20240613,150,0.14607239,0.026527777,0.18147444,91.07687009,18.96166145,24
2024,20240711,1,0.7305603,1.6982731,5.553554147,293.087906,1415.202174,52
2024,20240711,2,0.6782608,1.8016329,6.233954159,290.8002776,1512.7632,52
2024,20240711,3,0.63941956,0.9002557,3.544230285,261.5707006,795.7060166,52
2024,20240711,4,0.8447113,1.5951425,5.113337965,267.3285762,1336.405225,52
2024,20240711,5,0.7331543,2.0139105,6.199527893,303.7538716,1649.126217,52
2024,20240711,6,0.7003479,1.0451524,3.327347312,302.5984589,880.2762401,52
2024,20240711,7,0.6075134,0.9996486,3.962445659,226.4577511,878.2287033,52
2024,20240711,8,0.7339783,1.7412474,5.050785666,262.6671026,1414.989918,52
2024,20240711,9,0.66303253,1.6874988,5.706984787,277.1874299,1410.853647,52
2024,20240711,10,0.5186691,1.038183,4.383136123,237.7073496,917.6061134,52
2024,20240711,11,0.83696747,2.613381,6.654744627,297.3074832,2059.919899,52
2024,20240711,12,0.8216324,1.8349336,5.877441053,269.775488,1526.86326,52
2024,20240711,13,0.6817169,2.650194,7.719433764,345.8884009,2127.58743,52
2024,20240711,14,0.76356506,2.3437784,7.607304643,304.0779244,1936.15068,52
2024,20240711,15,0.55996704,1.2834748,5.267593635,283.8943017,1123.805422,52
2024,20240711,16,0.7567673,2.1581426,7.285292806,300.3131364,1801.27573,52
2024,20240711,17,0.61331177,0.54187405,2.343961163,263.7427461,502.5028697,52
2024,20240711,18,0.73200226,1.8589641,5.573004862,293.1379101,1517.368113,52
2024,20240711,19,0.71611786,1.6565421,4.637220463,250.6173501,1337.546727,52
2024,20240711,20,0.52433014,0.5684407,3.175241721,270.2860811,556.8212144,52
2024,20240711,21,0.6106796,1.5874848,5.297519735,281.6446735,1320.962761,52
2024,20240711,22,0.7039795,1.0536182,3.76826352,290.5177765,910.0504638,52
2024,20240711,23,0.51673126,1.0410377,4.270456981,264.8084637,913.0610361,52
2024,20240711,24,0.6687317,1.8787758,6.940405128,301.748463,1599.061284,52
2024,20240711,25,0.7750244,2.0091436,7.077760177,281.1662682,1697.905568,52
2024,20240711,26,0.689888,0.85798305,3.748612798,256.0800478,784.7961816,52
2024,20240711,27,0.6723938,1.5227741,5.431124647,297.052174,1293.074777,52
2024,20240711,28,0.66145325,1.8169862,7.463799367,315.412536,1588.23782,52
2024,20240711,29,0.83322144,2.6963415,6.903403767,328.1451243,2125.328564,52
2024,20240711,30,0.66587067,2.1438143,8.184250851,316.3612099,1833.431629,52
2024,20240711,31,0.7215195,1.4184294,5.412373957,266.7689065,1230.82878,52
2024,20240711,32,0.75749207,2.9044325,8.904252318,306.9855375,2358.899795,52
2024,20240711,33,0.7079239,2.3771498,7.612279825,278.0586171,1952.468447,52
2024,20240711,34,0.70462036,1.9111599,7.166763448,285.6202705,1634.976181,52
2024,20240711,35,0.6372299,1.5377864,5.566479622,255.3239398,1306.804644,52
2024,20240711,36,0.65721893,0.9030849,4.007797326,251.6905292,824.4319681,52
2024,20240711,37,0.28923798,0.14961244,1.385525932,199.8498701,174.8773337,52
2024,20240711,38,0.72119904,2.4434304,7.243091254,303.0269996,1975.084942,52
2024,20240711,39,0.77056885,1.8751016,7.422372845,283.3519475,1632.145099,52
2024,20240711,40,0.7472458,2.7220457,7.795836573,290.1880024,2182.718111,52
2024,20240711,41,0.7078018,1.2656796,4.425862694,246.0325189,1079.635269,52
2024,20240711,42,0.72702026,1.3655086,4.723023617,243.9584492,1160.330666,52
2024,20240711,43,0.7783737,2.1628222,6.476163062,295.0724313,1761.841405,52
2024,20240711,44,0.5407181,1.3258736,5.216366752,301.7022608,1145.940264,52
2024,20240711,45,0.8451538,2.2830944,7.110261371,294.9145517,1878.03387,52
2024,20240711,46,0.6570511,0.9444185,4.145602391,257.7247492,857.9326268,52
2024,20240711,47,0.6267319,1.4370775,5.56940473,273.4589147,1242.75304,52
2024,20240711,48,0.63881683,1.6432545,6.430361378,322.976599,1420.502082,52
2024,20240711,49,0.6562042,0.5207496,2.584269997,261.5288056,506.1778943,52
2024,20240711,50,0.7703781,1.6104296,5.146439182,285.1099582,1341.24455,52
2024,20240711,51,0.69493103,2.2166038,7.931041543,318.6615912,1867.883135,52
2024,20240711,52,1.0132141,1.9668795,6.54004041,298.5370263,1662.995965,52
2024,20240711,53,0.6355896,0.573904,2.834979213,252.7244051,551.4765987,52
2024,20240711,54,0.85871124,3.3044074,8.916702776,309.6033687,2619.87206,52
2024,20240711,55,0.7379837,2.3305995,7.420772786,319.5692309,1915.395845,52
2024,20240711,56,0.670578,1.6971384,5.216766767,277.7279079,1390.747018,52
2024,20240711,57,0.70121,2.131814,7.976918229,312.934912,1817.67031,52
2024,20240711,58,0.5078888,1.2952116,5.561179428,295.9576465,1142.640776,52
2024,20240711,59,0.6816025,1.5864323,5.779187441,264.8213075,1352.941673,52
2024,20240711,60,0.7511673,2.2227411,6.956230709,300.4204251,1823.361094,52
2024,20240711,61,0.6520386,1.128169,4.988408373,284.5536038,1019.082917,52
2024,20240711,62,0.68595886,2.0135596,6.0990492,309.3375037,1639.229352,52
2024,20240711,63,0.58693695,1.2558709,5.04846058,272.9503042,1096.852667,52
2024,20240711,64,0.6501312,1.7792292,6.578566826,301.9622915,1515.057969,52
2024,20240711,65,0.7258606,1.5224999,4.810451831,273.8622709,1263.662265,52
2024,20240711,66,0.689621,1.3601174,4.868228955,258.7505236,1161.580871,52
2024,20240711,67,0.6672821,1.4931632,5.135138766,301.356835,1257.815212,52
2024,20240711,68,0.6980896,1.6939367,6.278430794,295.4198905,1449.279156,52
2024,20240711,69,0.6417084,0.63556457,2.538193303,296.8237811,574.5195623,52
2024,20240711,70,0.7190933,0.8514951,2.998335218,239.932985,742.2381997,52
2024,20240711,71,0.64954376,1.3266416,5.249942987,287.8676852,1157.891597,52
2024,20240711,72,0.5704498,1.9720415,7.557327805,323.4177552,1682.735682,52
2024,20240711,73,0.65682983,1.4341831,6.216703524,322.5306493,1279.02725,52
2024,20240711,74,0.5181961,1.032859,4.983008174,272.2333549,947.0522682,52
2024,20240711,75,0.5889435,0.5930569,2.10040221,242.7794342,519.177179,52
2024,20240711,76,0.6397629,1.4519398,4.796651324,285.2453774,1210.949349,52
2024,20240711,77,0.6095886,1.4306753,5.451175384,308.6429943,1230.741731,52
2024,20240711,78,0.5779648,1.4565483,6.246404616,292.7080427,1287.727088,52
2024,20240711,79,0.6965637,1.711282,5.941518409,284.8941375,1441.602812,52
2024,20240711,80,0.75393677,1.7785425,6.216228507,288.3985071,1503.980903,52
2024,20240711,81,0.6213684,0.65907,3.210718025,245.3107794,624.2996881,52
2024,20240711,82,0.65662384,1.2806466,4.629895194,271.73817,1095.678444,52
2024,20240711,83,0.6632614,1.2628145,3.72118679,218.2307342,1035.32332,52
2024,20240711,84,0.67523956,1.4236586,4.047023768,278.8036919,1155.28769,52
2024,20240711,85,0.67829895,1.2383734,3.749587834,275.1563089,1022.850536,52
2024,20240711,86,0.6346283,2.285956,7.343269937,319.4557818,1873.954209,52
2024,20240711,87,0.6018982,1.4980359,6.143525834,313.6456326,1310.283836,52
2024,20240711,88,0.6552124,1.5183892,5.632382045,295.9836918,1299.814536,52
2024,20240711,89,0.7365036,1.9282593,6.467737752,315.8809859,1610.282049,52
2024,20240711,90,0.681015,2.1352074,6.758348435,322.5487272,1751.318046,52
2024,20240711,91,0.64442444,0.87292206,3.278170505,298.8665337,764.4107058,52
2024,20240711,92,0.63261414,1.6668952,6.039272002,294.1170564,1413.402369,52
2024,20240711,93,0.6732178,1.728859,5.730410648,271.5608241,1439.026816,52
2024,20240711,94,0.77706146,1.8861623,6.139950703,302.2946489,1569.477679,52
2024,20240711,95,0.6234741,1.839715,6.213178395,342.1334714,1530.707203,52
2024,20240711,96,0.6494751,1.3021896,5.43174967,326.1820506,1152.471599,52
2024,20240711,97,0.708519,2.3664923,7.259891872,310.888842,1926.536596,52
2024,20240711,98,0.53787994,1.3300596,5.275118912,319.8047349,1151.535201,52
2024,20240711,99,0.58239746,0.78015393,3.712961488,271.812062,724.4263847,52
2024,20240711,100,0.7688141,1.6464399,5.528228216,300.2518534,1384.630884,52
2024,20240711,101,0.6954117,1.9973564,7.308518659,309.7584328,1696.083528,52
2024,20240711,102,0.70549774,0.5804452,3.224668538,257.4149342,583.1030172,52
2024,20240711,103,0.7442703,1.6208417,5.179490397,285.2567484,1347.285732,52
2024,20240711,104,0.77280426,1.7337462,4.919480839,294.4915178,1406.525585,52
2024,20240711,105,0.76802063,2.6792057,8.017369716,354.5331273,2169.762635,52
2024,20240711,106,0.8403702,2.136094,6.03894699,285.9466798,1726.602158,52
2024,20240711,107,0.50717926,1.9696178,7.700483068,337.5737292,1683.448785,52
2024,20240711,108,0.66150665,1.6712111,5.97336958,305.62775,1415.064211,52
2024,20240711,109,0.4521942,0.6855249,4.972857801,278.2685155,722.4005951,52
2024,20240711,110,0.6226959,1.9605322,7.312393802,316.3044946,1666.721051,52
2024,20240711,111,0.58332825,1.0668718,4.124326609,331.0352251,927.189919,52
2024,20240711,112,0.6221695,1.9523249,7.457424133,294.5908342,1669.455335,52
2024,20240711,113,0.77497864,1.4831121,5.703284651,263.4187639,1292.127399,52
2024,20240711,114,0.7978668,2.4864104,7.28351774,310.1038741,2011.090106,52
2024,20240711,115,0.8619385,3.0237496,7.158963162,307.9373376,2347.591868,52
2024,20240711,116,0.6045532,1.6832572,7.27671749,290.3143941,1488.930907,52
2024,20240711,117,0.78850555,2.604488,7.000957353,295.0839664,2068.992597,52
2024,20240711,118,0.7501755,1.9182277,5.780062474,298.6717316,1567.549126,52
2024,20240711,119,0.70373535,1.1256651,3.150240802,241.7736948,921.4741766,52
2024,20240711,120,0.69052887,0.9629518,3.116789572,323.7915449,816.2300249,52
2024,20240711,121,0.5984268,1.1796113,6.00222064,252.7234018,1102.153333,52
2024,20240711,122,0.7978287,2.1483696,7.977343245,277.1851254,1836.64732,52
2024,20240711,123,0.784729,1.742137,6.06179783,275.3024928,1475.377169,52
2024,20240711,124,0.85149384,2.8552825,8.965429567,287.129173,2339.682876,52
2024,20240711,125,0.7002411,1.7732196,5.936368219,248.9556118,1480.566215,52
2024,20240711,126,0.8256378,2.5820265,6.558516089,272.2073978,2033.947962,52
2024,20240711,127,0.8065262,2.5129094,7.68720758,275.2187659,2050.60329,52
2024,20240711,128,0.7403717,1.7661419,5.833714446,251.294093,1474.051648,52
2024,20240711,129,0.7148514,2.0965388,7.233940918,287.043925,1756.045411,52
2024,20240711,130,0.82292175,3.1213846,7.721058824,283.4005179,2436.255819,52
2024,20240711,131,0.863266,2.4301662,7.801561783,294.0413354,2009.890288,52
2024,20240711,132,0.66747284,1.8590709,6.801350016,262.4558188,1578.956812,52
2024,20240711,133,0.6535797,0.6784644,2.403463351,221.8566434,595.1528851,52
2024,20240711,134,0.8414993,2.8615098,8.091947458,297.3618669,2294.902156,52
2024,20240711,135,0.8767319,2.2281103,6.674195342,285.2295497,1822.410352,52
2024,20240711,136,0.66815186,1.482558,4.803851588,353.4165936,1233.095465,52
2024,20240711,137,0.644783,2.0739877,8.303530236,325.7208846,1794.216966,52
2024,20240711,138,0.72706604,2.232864,8.389833408,328.5951614,1906.056076,52
2024,20240711,139,0.6459656,1.1928971,4.975857911,304.4771728,1058.531843,52
2024,20240711,140,0.6479492,1.6847243,4.761275023,262.1159072,1356.012778,52
2024,20240711,141,0.7783432,1.3421003,4.623644964,273.3126069,1144.724182,52
2024,20240711,142,0.7911453,2.0807896,5.828339248,293.4598073,1675.966636,52
2024,20240711,143,0.68924713,1.6742525,5.863165528,300.993214,1413.398429,52
2024,20240711,144,0.54833984,1.3145306,4.560817655,289.9437917,1103.606258,52
2024,20240711,145,0.7165375,1.2687093,3.623958216,321.6859505,1038.420616,52
2024,20240711,146,0.6936035,2.138715,7.955617446,292.1981275,1820.167657,52
2024,20240711,147,0.67350006,1.3686336,3.698360951,245.8236894,1101.47383,52
2024,20240711,148,0.592865,0.57920086,2.135928516,240.7014716,512.7619832,52
2024,20240711,149,0.65730286,1.4708977,6.00139561,276.1583077,1290.354847,52
2024,20240711,150,0.5819168,1.534214,6.064222919,304.6716615,1326.908226,52
2024,20240722,1,0.89242554,2.0888844,6.804008875,268.3501361,1743.418811,63
2024,20240722,2,0.72979355,2.0682435,8.052898317,296.9284264,1784.412717,63
2024,20240722,3,0.66537476,0.9741155,4.634007536,235.709787,904.0624483,63
2024,20240722,4,0.91944885,2.0516844,6.575424535,263.7545219,1709.923555,63
2024,20240722,5,0.8130989,2.171891,6.764586576,300.0972245,1786.399742,63
2024,20240722,6,0.69634247,0.585107,2.794308569,250.4778511,561.6667548,63
2024,20240722,7,0.6174698,0.9721167,4.706627561,233.2195731,902.5417031,63
2024,20240722,8,0.856102,2.1491964,6.33319113,279.6888937,1752.332782,63
2024,20240722,9,0.73472214,1.6101781,6.254546517,299.2899525,1398.582269,63
2024,20240722,10,0.5015526,0.70164907,4.051647432,204.5754486,686.479111,63
2024,20240722,11,0.864563,2.8026528,7.956729905,300.0330714,2252.558175,63
2024,20240722,12,0.89001465,1.9779902,6.592123391,279.1729354,1661.925285,63
2024,20240722,13,0.8102913,3.5137541,9.261315531,331.9586287,2765.996595,63
2024,20240722,14,0.8524666,2.6640906,7.782041873,332.9729537,2154.857666,63
2024,20240722,15,0.6028862,1.2510045,6.541976826,298.4967169,1176.952546,63
2024,20240722,16,1.0254822,2.4322126,7.340047153,284.1399669,2000.271589,63
2024,20240722,17,0.6742592,0.37404135,2.619795525,260.5044434,417.5328627,63
2024,20240722,18,0.81760406,2.4675033,7.260002636,292.9354718,1999.669068,63
2024,20240722,19,0.70521927,1.5485376,5.321135463,251.7371983,1306.148702,63
2024,20240722,20,0.511425,0.80941665,5.255989926,275.1410101,820.9895521,63
2024,20240722,21,0.58304596,1.2756606,5.369632141,271.8686369,1126.522651,63
2024,20240722,22,0.5837822,0.6959549,3.075164329,274.0317325,636.7313641,63
2024,20240722,23,0.46592712,0.6323107,4.364700986,174.801034,656.8907125,63
2024,20240722,24,0.86959076,2.1852655,7.651975783,298.9596469,1848.373848,63
2024,20240722,25,0.8668823,2.0918872,7.485787168,278.9671334,1780.361664,63
2024,20240722,26,0.668705,0.50723577,3.261776544,225.5593805,535.875216,63
2024,20240722,27,0.72953796,1.6234556,6.290969022,304.3359161,1408.460235,63
2024,20240722,28,0.8286514,2.5599444,8.145366982,351.7175713,2107.193774,63
2024,20240722,29,0.912529,3.6422079,7.996302194,355.7177744,2786.521916,63
2024,20240722,30,0.8246536,2.677564,8.194488617,353.4735174,2183.437453,63
2024,20240722,31,0.7429924,1.5679442,6.245097165,264.3537028,1372.258382,63
2024,20240722,32,0.84601593,3.8922853,11.21080698,340.8812119,3113.720257,63
2024,20240722,33,0.9033241,2.9640176,8.076146724,327.1941695,2363.92178,63
2024,20240722,34,0.82444,2.1644437,6.903802039,298.9527765,1790.343581,63
2024,20240722,35,0.6087799,1.403073,5.644138335,285.8323767,1223.887309,63
2024,20240722,36,0.6304321,0.8813,4.773922951,248.5698613,850.3055469,63
2024,20240722,37,0.5147476,0.40834773,3.445963926,231.3808504,470.1929844,63
2024,20240722,38,0.8423233,2.9276826,8.463570183,333.4082124,2356.896649,63
2024,20240722,39,0.869648,2.1106238,7.784991671,309.7548974,1808.756674,63
2024,20240722,40,0.84492874,3.2668748,8.947637021,317.2773679,2596.761047,63
2024,20240722,41,0.68073654,1.2376603,4.631332719,257.8271254,1070.879696,63
2024,20240722,42,0.67404175,1.317851,5.878897252,245.436562,1188.961139,63
2024,20240722,43,0.7720833,2.1217973,7.462138788,311.7934918,1789.472326,63
2024,20240722,44,0.5933647,1.356192,6.197125451,298.7916406,1223.331635,63
2024,20240722,45,0.91397095,2.5073605,7.869835858,326.0494527,2066.621284,63
2024,20240722,46,0.6438713,0.9867433,4.803870899,224.2300693,919.3916862,63
2024,20240722,47,0.6911888,1.4432402,6.389012305,263.122756,1297.190385,63
2024,20240722,48,0.73215485,2.1612763,8.146741888,319.7877079,1848.217333,63
2024,20240722,49,0.5943489,0.48148644,3.957928853,233.9035031,551.2178905,63
2024,20240722,50,0.87138367,1.9293597,6.395261877,275.7188114,1618.943379,63
2024,20240722,51,0.73763657,2.4599726,7.839187958,311.3069084,2019.56113,63
2024,20240722,52,0.85494995,2.4499624,7.582405549,294.1918477,2009.598378,63
2024,20240722,53,0.50118256,0.3407542,2.462906273,247.3616175,372.7118223,63
2024,20240722,54,1.0639229,4.0429635,9.954793023,301.0672462,3158.939972,63
2024,20240722,55,0.94885635,2.830412,8.235135832,303.6213303,2292.699469,63
2024,20240722,56,0.75486755,1.9031917,6.828032229,289.1036434,1615.875868,63
2024,20240722,57,0.8609886,2.4161859,8.017000776,326.0465367,2012.695776,63
2024,20240722,58,0.554657,1.3778534,7.139185913,289.6388266,1285.080299,63
2024,20240722,59,0.79879,1.6145407,6.371813484,290.1943403,1413.412059,63
2024,20240722,60,0.8757858,2.5261605,8.035699495,302.4874189,2084.133722,63
2024,20240722,61,0.7232857,1.4240614,6.171052237,281.4785795,1276.049663,63
2024,20240722,62,0.83299255,2.366771,6.779860529,287.5284913,1911.453435,63
2024,20240722,63,0.6452637,1.2907641,6.701990864,252.4223425,1214.444961,63
2024,20240722,64,0.80275726,2.1788929,8.064297536,286.5005274,1861.022844,63
2024,20240722,65,0.74902344,1.3798594,5.812101828,270.5621809,1230.905303,63
2024,20240722,66,0.7073746,1.4271761,5.687460367,273.9857411,1250.12976,63
2024,20240722,67,0.74990463,1.9890317,6.614821836,308.4711965,1657.706215,63
2024,20240722,68,0.7358246,2.0313866,7.372544926,284.2518072,1724.548078,63
2024,20240722,70,0.7556,0.86549443,4.969359562,234.1366075,862.1480741,63
2024,20240722,71,0.7440834,2.2341938,8.15299146,310.2986379,1895.434372,63
2024,20240722,72,0.71463776,2.8977652,9.385532022,347.5580577,2377.260101,63
2024,20240722,73,0.7105179,2.1769233,8.843269171,318.768947,1894.258422,63
2024,20240722,74,0.5419655,1.1776713,6.215149216,264.6859992,1107.591972,63
2024,20240722,75,0.614872,0.2744871,1.439201404,255.1342345,285.1012758,63
2024,20240722,76,0.6353874,1.3581002,5.212192926,272.9389475,1174.340256,63
2024,20240722,77,0.6175995,1.4445475,6.432284341,311.6823019,1293.867722,63
2024,20240722,78,0.59204865,2.0760205,7.515610125,326.8271155,1747.701264,63
2024,20240722,79,0.80226517,2.223679,7.26037761,294.3688082,1845.119774,63
2024,20240722,80,0.8136177,2.3391628,7.355421099,287.2830273,1923.89336,63
2024,20240722,81,0.68979645,0.41139072,3.173832569,241.0943568,472.7019192,63
2024,20240722,82,0.65485764,1.1574327,5.437202511,257.1091818,1062.285238,63
2024,20240722,83,0.68709946,1.2213528,4.434196225,253.4212601,1050.405543,63
2024,20240722,84,0.81516266,1.6394434,5.583167512,267.8918485,1387.343342,63
2024,20240722,85,0.67375946,1.367135,4.960810148,284.4493453,1169.65415,63
2024,20240722,86,0.8177681,3.3651028,9.074653319,348.0120417,2663.033194,63
2024,20240722,87,0.7508316,1.9715208,7.242178857,334.2073227,1681.122726,63
2024,20240722,88,0.81124496,2.0622003,6.838506512,298.0496938,1721.355058,63
2024,20240722,89,0.78268814,2.491037,7.656875447,324.0627535,2033.089438,63
2024,20240722,90,0.76771927,2.8639822,9.129399569,331.6966603,2346.710298,63
2024,20240722,91,0.58154297,0.409798,2.655743062,218.6113779,433.7635858,63
2024,20240722,92,0.64117813,1.6465331,7.272676768,303.5071924,1468.874624,63
2024,20240722,93,0.769001,1.6792828,6.480306051,287.5615167,1457.396119,63
2024,20240722,94,0.7570343,1.9369955,7.071215569,308.7199846,1650.619407,63
2024,20240722,95,0.77778244,2.37141,7.355571089,302.9227024,1940.993414,63
2024,20240722,96,0.7283554,1.7983204,6.977846966,301.0679362,1555.831364,63
2024,20240722,97,0.8764534,3.0795922,8.33997865,305.2072855,2448.608185,63
2024,20240722,98,0.60586166,1.580738,6.452132981,299.2756487,1379.493615,63
2024,20240722,99,0.6346855,0.5422495,3.7893654,231.768411,583.7432733,63
2024,20240722,100,0.75754166,1.7942281,6.323366803,285.5651505,1520.020443,63
2024,20240722,101,0.8206215,2.565874,7.895084128,317.8506065,2096.510118,63
2024,20240722,102,0.75666046,0.738986,4.851967604,241.5543386,776.322236,63
2024,20240722,103,0.7076378,1.8003409,6.504729378,267.3569777,1529.371826,63
2024,20240722,104,0.809803,2.0466123,6.992070991,313.0280938,1719.837601,63
2024,20240722,105,0.9920883,3.4213743,8.57061285,344.3261485,2686.231603,63
2024,20240722,106,0.84020615,2.4822297,7.07704017,270.6692914,2000.908701,63
2024,20240722,107,0.5904045,2.277363,8.144267058,331.5320377,1908.48271,63
2024,20240722,108,0.6949768,1.7529219,7.025193722,302.4285393,1526.941727,63
2024,20240722,109,0.64204025,1.0230575,6.872029215,295.3746171,1055.247282,63
2024,20240722,110,0.6917839,2.5119915,8.28903214,327.3659536,2072.812247,63
2024,20240722,111,0.6487274,0.75092673,3.029542454,308.3429385,674.5246397,63
2024,20240722,112,0.8007126,2.540154,8.772074048,306.375194,2126.58774,63
2024,20240722,113,0.7332916,1.6820246,6.761936757,290.6703997,1471.373546,63
2024,20240722,114,0.88314056,3.218686,8.000951876,330.5394667,2518.046298,63
2024,20240722,115,0.9998207,3.7134523,8.345353282,324.3688125,2858.120139,63
2024,20240722,116,0.603775,1.4578454,7.004270156,281.7482329,1332.307431,63
2024,20240722,117,1.0116577,4.3119884,8.928988298,309.0127694,3267.215719,63
2024,20240722,118,0.90309906,2.3621511,7.36607037,292.0999561,1946.840465,63
2024,20240722,119,0.7210922,1.0109712,3.483511354,286.8076071,869.1810883,63
2024,20240722,120,0.6572647,0.57974184,2.682416235,280.1330254,548.7127614,63
2024,20240722,121,0.58218,1.1289787,6.159028061,258.1052457,1077.482118,63
2024,20240722,122,1.0654984,2.6341248,7.899783806,292.9278949,2161.325634,63
2024,20240722,123,0.8214607,2.0702975,8.022975367,298.2465117,1792.178052,63
2024,20240722,124,0.8975525,2.9648154,7.814664638,292.938836,2349.600323,63
2024,20240722,125,0.7052345,1.8246844,6.629920801,270.1272164,1551.308149,63
2024,20240722,126,0.8879585,2.9087436,7.163559243,299.1326044,2277.879639,63
2024,20240722,127,0.87155914,2.9798033,8.076896673,298.8578096,2371.070947,63
2024,20240722,128,0.80467606,1.8515849,6.564775264,298.5296396,1573.446478,63
2024,20240722,129,0.91062164,2.9091554,8.108594501,330.5497956,2331.869742,63
2024,20240722,130,1.0127754,3.7462554,8.739476281,344.146377,2901.45114,63
2024,20240722,131,0.8192177,2.6169224,7.837763055,324.3526804,2125.325845,63
2024,20240722,132,0.6679001,1.8342507,6.280244757,285.7369734,1534.876071,63
2024,20240722,133,0.68580246,0.42725018,2.195949561,240.4195143,428.7905307,63
2024,20240722,134,0.9069481,3.6712947,8.265758734,312.8060948,2819.053804,63
2024,20240722,135,0.9553604,2.8436542,8.643057887,307.6234568,2323.923352,63
2024,20240722,136,0.75942993,2.2420623,7.984428008,285.5104519,1892.5107,63
2024,20240722,137,0.78325653,2.7775698,9.3041126,293.0746553,2303.348971,63
2024,20240722,138,0.7716751,3.156985,9.630090268,327.9764009,2558.579975,63
2024,20240722,139,0.7171974,1.122081,4.099894127,275.4126691,972.391845,63
2024,20240722,140,0.7016716,1.662758,5.600491325,278.8491147,1392.897923,63
2024,20240722,141,1.0383492,1.7010901,5.672736376,258.290947,1450.734688,63
2024,20240722,142,0.8545952,2.2055202,6.798034284,295.7736024,1813.034504,63
2024,20240722,143,0.7598877,1.6975923,6.61329694,310.0985845,1475.373914,63
2024,20240722,144,0.5410576,1.4293166,6.573399674,242.0061023,1285.246982,63
2024,20240722,145,0.7853508,1.0657073,3.056340618,291.761492,885.8817343,63
2024,20240722,146,0.8438492,2.7463894,9.059304371,289.3120679,2275.719122,63
2024,20240722,147,0.6863365,1.243042,4.392474083,258.4846288,1061.683281,63
2024,20240722,148,0.72810364,0.7182935,3.394992418,230.3179156,681.0461458,63
2024,20240722,149,0.7238617,1.6867476,5.971065938,264.9429972,1430.219192,63
2024,20240722,150,0.7386246,2.2216537,7.787066528,319.6344624,1867.042849,63
